"Nrpk";"Year";"Date";"Polig_nr";"Nr_4digitcode";"Approach";"Uniq_no";"Uniq_Rprog";"Unipntno";"Eksp_spp";"Exp_gr";"Mont_pnt";"Address";"Rel_type";"Status";"Usage";"Ul_mown";"Ul_graz";"Ul_aftmh";"Exp_opin";"Statuslet";"Luordap";"Transect_segment";"Transect_length";"Tr_length_m";"Str_score";"Spp_scortotal";"Spp_score50";"Totl_score";"Gr_qualit_exp";"Gr_qualit_farmer";"No_sp_plot";"aeup";"avul";"bmed";"camp";"cpan";"cvul";"cent";"chet";"cole";"dact";"ddel";"frag";"gbor";"gali";"gver";"gera";"geum";"hype";"isal";"karv";"lath";"lhis";"lvul";"lova";"lfos";"lsal";"mlup";"mela";"pilo";"psax";"pmed";"plat";"poly";"parg";"pere";"pver";"rhin";"ssyl";"sacr";"svir";"spra";"thal";"thym";"tpra";"trif";"tmon";"teur";"voff";"vlon";"vvul";"cumul_spno";"pairs";"avrg_spno_plot"
2731;2024;20240702;"6408_4";6408;"komb";"24_6408_4_b";"24_6408_4";"24_6408_4_b_1";"M_Medne";"exp1";1;"HansaBio_SIA";"basic_ZP";"Participant";"pasture";"no";"no";"no";"exp_average";"s";"DAP";46;"417.6010132";418;10;"31";"31";"41";"average";"na";6;0;1;0;0;0;0;0;0;0;0;0;0;1;1;0;0;0;1;0;0;1;0;0;0;0;0;0;0;0;0;0;0;0;0;0;0;0;1;0;0;0;0;0;0;0;0;0;0;0;0;16;1;6,1
2741;2024;20240702;"6408_5";6408;"komb";"24_6408_5_b";"24_6408_5";"24_6408_5_b_1";"M_Medne";"exp1";1;"HansaBio_SIA";"basic_ZP";"Participant";"pasture";"no";"no";"no";"exp_average";"s";"DAP";67;"606.3699951";606;30;"25.5";"25.5";"55.5";"average";"na";1;0;0;0;0;0;0;0;0;0;0;0;0;0;1;0;0;0;0;0;0;0;0;0;0;0;0;0;0;0;0;0;0;0;0;0;0;0;0;0;0;0;0;0;0;0;0;0;0;0;0;13;1;5,1
3231;2024;20240621;"6599_1";6599;"rez";"24_6599_1_b";"24_6599_1";"24_6599_1_b_1";"M_Medne";"exp1";1;"Ciruli";"basic_ZP";"Participant";"pasture";"no";"yes";"no";"exp_average";"s";"DAP";47;"423.2210083";423;10;"45";"45";"55";"average";"na";11;0;1;1;1;0;0;1;0;0;0;0;1;0;1;0;0;0;1;0;1;0;1;1;0;0;0;0;0;0;0;1;0;0;0;0;0;0;0;0;0;0;0;0;0;0;0;0;0;0;0;17;1;7,8
3271;2024;20240620;"6620_2";6620;"rez";"24_6620_2_b";"24_6620_2";"24_6620_2_b_1";"M_Medne";"exp1";1;"Vilnis_Spats";"basic_ZP";"Participant";"meadow";"no";"no";"no";"exp_average";"s";"DAP";56;"503.8380127";504;20;"34";"34";"54";"average";"na";5;0;0;0;0;0;0;0;0;0;0;0;0;0;1;0;0;0;1;0;0;0;1;1;0;0;0;0;0;0;0;0;0;0;1;0;0;0;0;0;0;0;0;0;0;0;0;0;0;0;0;17;1;5,7
3461;2024;20240628;"6707";6707;"rez";"24_6707_b";"24_6707";"24_6707_b_1";"M_Medne";"exp1";1;"Ainars_Silickis";"basic_ZP";"Participant";"meadow";"no";"no";"no";"exp_good";"s";"DAP";17;"148.9579926";149;10;"31.5";"31.5";"41.5";"average";"na";1;0;0;0;0;0;0;0;0;0;0;0;0;0;0;0;0;0;0;0;0;1;0;0;0;0;0;0;0;0;0;0;0;0;0;0;0;0;0;0;0;0;0;0;0;0;0;0;0;0;0;13;1;5,2
3641;2024;20240701;"6768_2";6768;"komb";"24_6768_2_b";"24_6768_2";"24_6768_2_b_1";"M_Medne";"exp1";1;"Aiva_Gailite";"basic_ZP";"Participant";"meadow";"no";"no";"no";"exp_average";"s";"DAP";26;"235.5599976";236;25;"33.5";"33.5";"58.5";"average";"na";8;0;1;1;0;0;0;0;0;0;0;0;0;1;1;0;1;0;0;0;0;1;1;1;0;0;0;0;0;0;0;0;0;0;0;0;0;0;0;0;0;0;0;0;0;0;0;0;0;0;0;11;1;5,4
4141;2024;20240618;"6908";6908;"rez";"24_6908_b";"24_6908";"24_6908_b_1";"M_Medne";"exp1";1;"Maruta_Malniece";"basic_ZP";"Participant";"meadow";"no";"no";"no";"exp_good";"s";"DAP";22;"196.5429993";197;10;"52";"50";"60";"average";"na";15;1;1;0;1;0;0;1;0;0;0;0;1;0;1;0;1;1;1;0;1;1;1;1;0;0;0;0;0;0;1;0;0;0;0;0;0;0;0;0;0;0;0;0;1;0;0;0;0;0;0;20;1;9,5
4531;2024;20240626;"6968_2";6968;"komb";"24_6968_2_b";"24_6968_2";"24_6968_2_b_1";"M_Medne";"exp1";1;"Vecumnieki_ZS";"basic_ZP";"Participant";"meadow";"no";"no";"no";"exp_average";"s";"DAP";49;"445.0740051";445;5;"38";"38";"43";"average";"na";6;0;0;0;1;0;0;0;0;0;0;0;0;0;1;0;1;0;1;0;1;0;0;0;0;0;0;0;1;0;0;0;0;0;0;0;0;0;0;0;0;0;0;0;0;0;0;0;0;0;0;20;1;6,6
3021;2024;20240619;"6546";6546;"komb";"24_6546_b";"24_6546";"24_6546_b_1";"M_Medne";"exp1";1;"Arta_Rozenberga";"basic_ZP";"Participant";"meadow";"no";"no";"no";"exp_average";"s";"DAP";63;"564.0640259";564;-5;"35";"35";"30";"bad";"na";8;0;0;0;0;0;0;1;0;0;0;0;0;0;1;0;0;0;1;0;0;0;0;1;0;0;0;1;0;0;1;0;0;0;0;0;0;0;0;0;0;0;0;0;1;0;0;0;1;0;0;16;1;6,1
3261;2024;20240620;"6620_1";6620;"rez";"24_6620_1_b";"24_6620_1";"24_6620_1_b_1";"M_Medne";"exp1";1;"Vilnis_Spats";"basic_ZP";"Participant";"meadow";"no";"no";"no";"exp_average";"s";"DAP";31;"276.20401";276;10;"23.5";"23.5";"33.5";"bad";"na";7;0;1;0;0;0;0;0;0;0;0;0;0;1;1;0;1;1;0;0;0;1;0;0;0;0;0;0;0;0;0;0;0;0;0;0;0;0;1;0;0;0;0;0;0;0;0;0;0;0;0;10;1;4,6
3581;2024;20240621;"6741_1";6741;"rez";"24_6741_1_b";"24_6741_1";"24_6741_1_b_1";"M_Medne";"exp1";1;"Lucija_Zarina";"basic_ZP";"Participant";"meadow";"no";"no";"no";"exp_average";"s";"DAP";50;"446.1090088";446;-5;"29";"29";"24";"bad";"na";4;0;1;0;0;0;0;1;0;0;0;0;0;0;1;0;0;0;0;0;0;1;0;0;0;0;0;0;0;0;0;0;0;0;0;0;0;0;0;0;0;0;0;0;0;0;0;0;0;0;0;12;1;5,6
3591;2024;20240621;"6741_2";6741;"rez";"24_6741_2_b";"24_6741_2";"24_6741_2_b_1";"M_Medne";"exp1";1;"Lucija_Zarina";"basic_ZP";"Participant";"meadow";"no";"no";"no";"exp_average";"s";"DAP";51;"456.1830139";456;-5;"34";"34";"29";"bad";"na";3;0;0;0;0;0;0;1;0;0;0;0;0;0;1;0;0;0;0;0;0;1;0;0;0;0;0;0;0;0;0;0;0;0;0;0;0;0;0;0;0;0;0;0;0;0;0;0;0;0;0;13;1;6,5
3601;2024;20240621;"6741_3";6741;"rez";"24_6741_3_b";"24_6741_3";"24_6741_3_b_1";"M_Medne";"exp1";1;"Lucija_Zarina";"basic_ZP";"Participant";"meadow";"no";"no";"no";"exp_average";"s";"DAP";18;"162.0209961";162;0;"39.5";"39.5";"39.5";"bad";"na";7;0;0;0;1;0;0;1;0;0;1;0;0;0;0;0;0;0;0;0;0;1;0;0;0;1;0;0;0;0;0;0;0;0;0;0;0;1;0;0;0;0;0;0;0;0;0;0;1;0;0;16;1;6,8
3611;2024;20240621;"6741_4";6741;"rez";"24_6741_4_b";"24_6741_4";"24_6741_4_b_1";"M_Medne";"exp1";1;"Lucija_Zarina";"basic_ZP";"Participant";"meadow";"no";"no";"no";"exp_average";"s";"DAP";39;"354.9190063";355;0;"34";"34";"34";"bad";"na";9;0;0;0;1;0;0;1;0;0;0;0;0;0;1;0;0;0;1;0;0;1;0;1;0;1;0;0;0;0;0;0;1;0;0;0;0;1;0;0;0;0;0;0;0;0;0;0;0;0;0;15;1;6,4
3761;2024;20240625;"6808_1";6808;"komb";"24_6808_1_b";"24_6808_1";"24_6808_1_b_1";"M_Medne";"exp1";1;"Karlis_ Hermanis_Liepa";"basic_ZP";"Participant";"pasture";"no";"no";"no";"exp_average";"s";"DAP";39;"354.3729858";354;-5;"35.5";"35.5";"30.5";"bad";"na";16;0;1;1;1;0;0;1;0;0;0;0;0;0;1;0;1;0;1;0;1;1;1;1;0;1;0;0;0;1;1;0;0;1;0;0;0;0;0;0;0;0;0;0;1;0;0;0;0;0;0;18;1;6,3
3811;2024;20240701;"6820";6820;"rez";"24_6820_b";"24_6820";"24_6820_b_1";"M_Medne";"exp1";1;"Lielkruzes";"basic_ZP";"Participant";"pasture";"no";"no";"no";"exp_average";"s";"DAP";15;"130.8609924";131;15;"24";"24";"39";"bad";"na";7;0;1;0;0;0;0;1;0;1;0;0;0;0;1;0;0;0;0;0;0;1;0;0;0;0;0;1;0;0;0;0;0;0;0;0;0;1;0;0;0;0;0;0;0;0;0;0;0;0;0;13;1;4,7
3921;2024;20240621;"6892_1";6892;"rez";"24_6892_1_b";"24_6892_1";"24_6892_1_b_1";"M_Medne";"exp1";1;"Sandra_Dzene";"basic_ZP";"Participant";"meadow";"no";"no";"no";"exp_bad";"s";"DAP";33;"297.0230103";297;0;"23";"23";"23";"bad";"na";1;0;0;0;0;0;0;0;0;0;0;0;0;0;1;0;0;0;0;0;0;0;0;0;0;0;0;0;0;0;0;0;0;0;0;0;0;0;0;0;0;0;0;0;0;0;0;0;0;0;0;13;1;4,5
3931;2024;20240621;"6892_2";6892;"rez";"24_6892_2_b";"24_6892_2";"24_6892_2_b_1";"M_Medne";"exp1";1;"Sandra_Dzene";"basic_ZP";"Participant";"meadow";"no";"no";"no";"exp_bad";"s";"DAP";44;"398.5759888";399;0;"21";"21";"21";"bad";"na";1;0;0;0;0;0;0;0;0;0;0;0;0;0;1;0;0;0;0;0;0;0;0;0;0;0;0;0;0;0;0;0;0;0;0;0;0;0;0;0;0;0;0;0;0;0;0;0;0;0;0;11;1;4,2
4061;2024;20240620;"6905_4";6905;"komb";"24_6905_4_b";"24_6905_4";"24_6905_4_b_1";"M_Medne";"exp1";1;"Pupoli";"basic_ZP";"Participant";"meadow";"no";"no";"no";"exp_average";"s";"DAP";56;"506.6159973";507;-15;"39.5";"39.5";"24.5";"bad";"na";11;0;1;0;0;0;0;1;0;0;0;0;0;0;1;0;0;0;1;0;0;1;1;1;0;1;0;0;1;1;0;0;0;1;0;0;0;0;0;0;0;0;0;0;0;0;0;0;0;0;0;19;1;7,3
4071;2024;20240620;"6905_5";6905;"komb";"24_6905_5_b";"24_6905_5";"24_6905_5_b_1";"M_Medne";"exp1";1;"Pupoli";"basic_ZP";"Participant";"meadow";"no";"no";"no";"exp_average";"s";"DAP";40;"363.9670105";364;-5;"28.5";"28.5";"23.5";"bad";"na";2;0;0;0;0;0;0;0;0;0;0;0;0;0;0;0;0;0;0;0;0;1;0;0;0;0;0;0;0;0;0;0;0;0;0;0;0;1;0;0;0;0;0;0;0;0;0;0;0;0;0;16;1;5,5
4081;2024;20240620;"6905_6";6905;"komb";"24_6905_6_b";"24_6905_6";"24_6905_6_b_1";"M_Medne";"exp1";1;"Pupoli";"basic_ZP";"Participant";"meadow";"no";"no";"no";"exp_average";"s";"DAP";37;"334.07901";334;0;"38";"38";"38";"bad";"na";6;0;1;0;0;0;0;1;0;0;0;0;0;0;1;0;1;0;0;0;0;1;0;0;0;0;0;0;0;0;0;0;0;0;0;0;0;0;0;0;0;0;0;0;0;0;0;0;1;0;0;18;1;7,1
4091;2024;20240620;"6905_7";6905;"komb";"24_6905_7_b";"24_6905_7";"24_6905_7_b_1";"M_Medne";"exp1";1;"Pupoli";"basic_ZP";"Participant";"meadow";"no";"no";"no";"exp_average";"s";"DAP";40;"356.4330139";356;0;"31";"31";"31";"bad";"na";3;0;0;0;0;0;0;0;0;0;0;0;0;0;1;0;1;0;0;0;0;1;0;0;0;0;0;0;0;0;0;0;0;0;0;0;0;0;0;0;0;0;0;0;0;0;0;0;0;0;0;15;1;6,1
4541;2024;20240626;"6968_3";6968;"komb";"24_6968_3_b";"24_6968_3";"24_6968_3_b_1";"M_Medne";"exp1";1;"Vecumnieki_ZS";"basic_ZP";"Participant";"meadow";"no";"no";"no";"exp_average";"s";"DAP";41;"371.7890015";372;0;"31.5";"31.5";"31.5";"bad";"na";2;0;0;0;0;0;0;0;0;0;0;0;0;0;1;0;0;0;0;0;0;1;0;0;0;0;0;0;0;0;0;0;0;0;0;0;0;0;0;0;0;0;0;0;0;0;0;0;0;0;0;14;1;6
4751;2024;20240702;"6989";6989;"rez";"24_6989_b";"24_6989";"24_6989_b_1";"M_Medne";"exp1";1;"Ilze_Ruksane";"basic_ZP";"Participant";"meadow";"no";"no";"no";"exp_good";"s";"DAP";63;"568.8729858";569;0;"36";"36";"36";"bad";"na";9;0;1;0;0;0;0;1;0;0;0;0;0;0;1;0;1;1;1;0;0;1;0;1;0;0;0;0;0;0;0;0;0;0;0;0;0;1;0;0;0;0;0;0;0;0;0;0;0;0;0;19;1;6,8
3241;2024;20240621;"6599_2";6599;"rez";"24_6599_2_b";"24_6599_2";"24_6599_2_b_1";"M_Medne";"exp1";1;"Ciruli";"basic_ZP";"Participant";"meadow";"no";"no";"no";"exp_excellent";"s";"DAP";26;"233.0980072";233;35;"79";"50";"85";"excellent";"na";13;0;1;1;1;0;0;1;0;0;0;0;1;0;1;0;0;1;1;0;1;0;1;1;0;0;0;0;0;0;0;0;0;0;0;0;1;1;0;0;0;0;0;0;0;0;0;0;0;0;0;21;1;11,9
2701;2024;20240610;"6408_1";6408;"komb";"24_6408_1_b";"24_6408_1";"24_6408_1_b_1";"M_Medne";"exp1";1;"HansaBio_SIA";"basic_ZP";"Participant";"pasture";"no";"yes";"no";"exp_average";"s";"DAP";49;"443.1719971";443;30;"31";"31";"61";"good";"na";3;0;0;0;0;0;0;0;0;0;0;0;0;0;1;0;0;0;0;0;0;0;0;0;0;0;0;0;0;0;0;0;0;0;0;0;0;0;0;0;0;0;0;0;0;0;0;0;1;0;0;14;1;6
2721;2024;20240702;"6408_3";6408;"komb";"24_6408_3_b";"24_6408_3";"24_6408_3_b_1";"M_Medne";"exp1";1;"HansaBio_SIA";"basic_ZP";"Participant";"pasture";"no";"no";"no";"exp_average";"s";"DAP";69;"625.2880249";625;40;"36.5";"36.5";"76.5";"good";"na";8;0;1;0;0;0;0;1;0;0;0;0;0;0;1;0;0;0;1;0;0;1;0;1;0;0;0;0;0;0;0;0;0;0;0;0;0;1;0;0;0;0;0;0;1;0;0;0;0;0;0;15;1;7,1
3311;2024;20240604;"6638";6638;"komb";"24_6638_b";"24_6638";"24_6638_b_1";"M_Medne";"exp1";1;"Sarmite_Augustane";"basic_ZP";"Participant";"pasture";"no";"no";"no";"exp_good";"s";"DAP";12;"107.8339996";108;30;"43.5";"43.5";"73.5";"good";"na";1;0;0;0;0;0;0;0;0;0;0;0;0;0;1;0;0;0;0;0;0;0;0;0;0;0;0;0;0;0;0;0;0;0;0;0;0;0;0;0;0;0;0;0;0;0;0;0;0;0;0;18;1;7,2
3651;2024;20240701;"6768_3";6768;"komb";"24_6768_3_b";"24_6768_3";"24_6768_3_b_1";"M_Medne";"exp1";1;"Aiva_Gailite";"basic_ZP";"Participant";"meadow";"no";"no";"no";"exp_good";"s";"DAP";23;"206.9160004";207;25;"73";"50";"75";"good";"na";9;0;1;1;1;0;0;0;0;0;0;1;0;0;1;0;0;0;0;0;0;0;1;1;0;0;0;0;0;1;0;0;0;0;0;0;0;0;0;0;0;0;0;0;1;0;0;0;0;0;0;20;1;10,5
3771;2024;20240625;"6808_2";6808;"komb";"24_6808_2_b";"24_6808_2";"24_6808_2_b_1";"M_Medne";"exp1";1;"Karlis_ Hermanis_Liepa";"basic_ZP";"Participant";"pasture";"no";"no";"no";"exp_average";"s";"DAP";60;"543.6019897";544;25;"47";"47";"72";"good";"na";7;0;1;0;0;0;0;1;0;0;0;0;0;0;1;0;0;0;1;0;0;1;1;1;0;0;0;0;0;0;0;0;0;0;0;0;0;0;0;0;0;0;0;0;0;0;0;0;0;0;0;21;1;7,9
3781;2024;20240625;"6808_3";6808;"komb";"24_6808_3_b";"24_6808_3";"24_6808_3_b_1";"M_Medne";"exp1";1;"Karlis_ Hermanis_Liepa";"basic_ZP";"Participant";"pasture";"no";"no";"no";"exp_good";"s";"DAP";57;"508.6069946";509;30;"38.5";"38.5";"68.5";"good";"na";9;0;1;0;1;0;0;1;0;0;0;0;0;0;1;0;0;0;1;0;0;0;1;1;0;1;0;0;0;0;0;0;0;1;0;0;0;0;0;0;0;0;0;0;0;0;0;0;0;0;0;17;1;7
3791;2024;20240625;"6808_4";6808;"komb";"24_6808_4_b";"24_6808_4";"24_6808_4_b_1";"M_Medne";"exp1";1;"Karlis_ Hermanis_Liepa";"basic_ZP";"Participant";"pasture";"no";"no";"no";"exp_good";"s";"DAP";33;"296.2149963";296;30;"37.5";"37.5";"67.5";"good";"na";9;0;1;0;1;1;0;1;0;0;0;0;0;0;0;0;0;0;1;0;0;1;1;1;0;0;0;0;0;1;0;0;0;0;0;0;0;0;0;0;0;0;0;0;0;0;0;0;0;0;0;17;1;6,8
3901;2024;20240618;"6867";6867;"rez";"24_6867_b";"24_6867";"24_6867_b_1";"M_Medne";"exp1";1;"Lidumu_majas";"basic_ZP";"Participant";"pasture";"no";"yes";"no";"exp_good";"s";"DAP";36;"325.6990051";326;35;"28";"28";"63";"good";"na";6;0;1;1;0;0;0;1;0;0;0;0;0;0;1;0;0;1;0;0;0;0;0;0;0;0;0;0;0;0;0;0;0;0;0;0;0;0;0;0;0;0;0;0;0;1;0;0;0;0;0;15;1;5
4391;2024;20240626;"6921_1";6921;"komb";"24_6921_1_b";"24_6921_1";"24_6921_1_b_1";"M_Medne";"exp1";1;"Liene_Lubane";"basic_ZP";"Participant";"pasture";"no";"no";"no";"exp_average";"s";"DAP";64;"577.2670288";577;25;"46.5";"46.5";"71.5";"good";"na";4;0;0;0;1;0;0;0;0;0;0;0;1;0;1;0;0;0;0;0;1;0;0;0;0;0;0;0;0;0;0;0;0;0;0;0;0;0;0;0;0;0;0;0;0;0;0;0;0;0;0;23;1;7,6
4401;2024;20240626;"6921_2";6921;"komb";"24_6921_2_b";"24_6921_2";"24_6921_2_b_1";"M_Medne";"exp1";1;"Liene_Lubane";"basic_ZP";"Participant";"pasture";"no";"no";"no";"exp_average";"s";"DAP";15;"136.6390076";137;30;"46.5";"46.5";"76.5";"good";"na";2;0;0;0;0;0;0;0;0;0;0;0;0;0;1;0;0;0;0;0;0;1;0;0;0;0;0;0;0;0;0;0;0;0;0;0;0;0;0;0;0;0;0;0;0;0;0;0;0;0;0;20;1;6,7
4521;2024;20240626;"6968_1";6968;"komb";"24_6968_1_b";"24_6968_1";"24_6968_1_b_1";"M_Medne";"exp1";1;"Vecumnieki_ZS";"basic_ZP";"Participant";"meadow";"no";"no";"no";"exp_average";"s";"DAP";40;"364.1159973";364;20;"45.5";"45.5";"65.5";"good";"na";8;0;0;0;0;0;0;1;0;0;0;0;0;1;1;0;1;0;0;0;0;1;1;1;0;0;0;0;0;0;1;0;0;0;0;0;0;0;0;0;0;0;0;0;0;0;0;0;0;0;0;19;1;8
5021;2024;20240618;"7077_1";7077;"rez";"24_7077_1_b";"24_7077_1";"24_7077_1_b_1";"M_Medne";"exp1";1;"Janis_Malnieks";"basic_ZP";"Participant";"meadow";"no";"no";"no";"exp_good";"s";"DAP";36;"324.5010071";325;25;"52.5";"50";"75";"good";"na";10;0;1;1;1;0;0;1;0;0;0;0;0;1;1;0;0;1;0;0;0;1;0;1;0;0;0;0;0;0;0;0;0;0;0;0;0;0;0;0;0;0;0;0;1;0;0;0;0;0;0;15;1;8,7
2711;2024;20240610;"6408_2";6408;"komb";"24_6408_2_b";"24_6408_2";"24_6408_2_b_1";"M_Medne";"exp1";1;"HansaBio_SIA";"basic_ZP";"Participant";"pasture";"no";"yes";"no";"exp_average";"s";"DAP";53;"479.5610046";480;-15;"27.5";"27.5";"12.5";"very_bad";"na";6;0;1;0;0;0;0;0;0;0;0;0;0;0;1;0;1;0;0;0;0;1;0;0;0;0;0;0;0;0;0;0;0;0;0;0;0;1;0;0;0;0;0;0;0;0;0;0;1;0;0;17;1;5,3
2851;2024;20240625;"6437_1";6437;"komb";"24_6437_1_b";"24_6437_1";"24_6437_1_b_1";"M_Medne";"exp1";1;"Laimdota_Burka";"basic_ZP";"Participant";"meadow";"no";"no";"no";"exp_average";"s";"DAP";51;"460.5339966";461;-25;"37.5";"37.5";"12.5";"very_bad";"na";4;0;0;0;0;0;0;0;0;0;0;0;0;0;1;0;0;0;1;0;1;0;0;0;0;0;0;0;0;0;0;0;0;0;0;0;0;0;0;0;0;0;0;0;1;0;0;0;0;0;0;19;1;6,7
2861;2024;20240625;"6437_2";6437;"komb";"24_6437_2_b";"24_6437_2";"24_6437_2_b_1";"M_Medne";"exp1";1;"Laimdota_Burka";"basic_ZP";"Participant";"meadow";"no";"no";"no";"exp_average";"s";"DAP";39;"352.2749939";352;-25;"39.5";"39.5";"14.5";"very_bad";"na";7;0;1;0;0;0;0;0;0;1;0;0;0;0;1;0;1;0;0;0;0;1;0;1;0;0;0;0;0;0;0;0;0;0;0;0;0;1;0;0;0;0;0;0;0;0;0;0;0;0;0;23;1;6,6
2871;2024;20240625;"6437_3";6437;"komb";"24_6437_3_b";"24_6437_3";"24_6437_3_b_1";"M_Medne";"exp1";1;"Laimdota_Burka";"basic_ZP";"Participant";"meadow";"no";"no";"no";"exp_average";"s";"DAP";59;"534.8729858";535;-20;"24";"24";"4";"very_bad";"na";3;0;0;0;0;0;0;0;0;0;0;0;0;0;0;0;1;0;0;0;0;1;0;0;0;0;0;0;0;0;0;0;0;0;0;0;0;0;1;0;0;0;0;0;0;0;0;0;0;0;0;16;1;4,5
2981;2024;20240619;"6527_1";6527;"komb";"24_6527_1_b";"24_6527_1";"24_6527_1_b_1";"M_Medne";"exp1";1;"Janis_Ludborzs";"basic_ZP";"Participant";"pasture";"no";"yes";"no";"exp_bad";"s";"DAP";47;"421.1650085";421;-20;"18";"18";"-2";"very_bad";"na";2;0;0;0;0;0;0;1;0;0;0;0;0;0;1;0;0;0;0;0;0;0;0;0;0;0;0;0;0;0;0;0;0;0;0;0;0;0;0;0;0;0;0;0;0;0;0;0;0;0;0;10;1;3,2
2991;2024;20240619;"6527_2";6527;"komb";"24_6527_2_b";"24_6527_2";"24_6527_2_b_1";"M_Medne";"exp1";1;"Janis_Ludborzs";"basic_ZP";"Participant";"pasture";"no";"yes";"no";"exp_average";"s";"DAP";40;"356.8320007";357;0;"14.5";"14.5";"14.5";"very_bad";"na";1;0;0;0;0;0;0;0;0;0;0;0;0;0;1;0;0;0;0;0;0;0;0;0;0;0;0;0;0;0;0;0;0;0;0;0;0;0;0;0;0;0;0;0;0;0;0;0;0;0;0;8;1;2,6
3001;2024;20240619;"6527_3";6527;"komb";"24_6527_3_b";"24_6527_3";"24_6527_3_b_1";"M_Medne";"exp1";1;"Janis_Ludborzs";"basic_ZP";"Participant";"pasture";"no";"yes";"no";"exp_average";"s";"DAP";43;"389.5360107";390;-20;"19";"19";"-1";"very_bad";"na";4;0;1;0;0;0;0;1;0;0;0;0;0;0;1;0;0;0;0;0;0;0;0;0;0;0;0;0;0;0;0;1;0;0;0;0;0;0;0;0;0;0;0;0;0;0;0;0;0;0;0;10;1;3,4
3281;2024;20240620;"6620_3";6620;"rez";"24_6620_3_b";"24_6620_3";"24_6620_3_b_1";"M_Medne";"exp1";1;"Vilnis_Spats";"basic_ZP";"Participant";"meadow";"no";"no";"no";"exp_average";"s";"DAP";59;"526.9559937";527;-25;"18";"18";"-7";"very_bad";"na";3;0;0;0;0;0;0;0;0;0;0;0;0;0;1;0;0;0;0;0;0;1;0;0;0;0;0;0;0;0;0;0;0;0;0;0;0;0;0;0;0;0;0;0;1;0;0;0;0;0;0;14;1;3,3
3291;2024;20240620;"6620_4";6620;"rez";"24_6620_4_b";"24_6620_4";"24_6620_4_b_1";"M_Medne";"exp1";1;"Vilnis_Spats";"basic_ZP";"Participant";"meadow";"no";"no";"no";"exp_average";"s";"DAP";51;"455.6700134";456;-10;"25.5";"25.5";"15.5";"very_bad";"na";1;0;0;0;0;0;0;0;0;0;0;0;0;0;0;0;0;0;0;0;0;1;0;0;0;0;0;0;0;0;0;0;0;0;0;0;0;0;0;0;0;0;0;0;0;0;0;0;0;0;0;11;1;4,8
3631;2024;20240701;"6768_1";6768;"komb";"24_6768_1_b";"24_6768_1";"24_6768_1_b_1";"M_Medne";"exp1";1;"Aiva_Gailite";"basic_ZP";"Participant";"meadow";"no";"no";"no";"exp_bad";"s";"DAP";47;"426.7489929";427;-5;"21";"21";"16";"very_bad";"na";4;0;1;0;1;0;0;0;0;0;0;0;0;0;1;0;0;0;0;0;0;0;0;1;0;0;0;0;0;0;0;0;0;0;0;0;0;0;0;0;0;0;0;0;0;0;0;0;0;0;0;10;1;3,9
3841;2024;20240608;"6855";6855;"rez";"24_6855_b";"24_6855";"24_6855_b_1";"M_Medne";"exp1";1;"Madonas_IpasumiSIA";"basic_ZP";"Participant";"pasture";"no";"no";"no";"exp_bad";"s";"DAP";16;"146.7599945";147;-10;"16.5";"16.5";"6.5";"very_bad";"na";7;0;0;0;0;0;0;1;0;0;0;0;0;1;1;0;0;0;0;0;0;1;0;1;0;0;0;1;0;0;0;0;0;0;0;0;0;0;1;0;0;0;0;0;0;0;0;0;0;0;0;9;1;3,1
4031;2024;20240620;"6905_1";6905;"komb";"24_6905_1_b";"24_6905_1";"24_6905_1_b_1";"M_Medne";"exp1";1;"Pupoli";"basic_ZP";"Participant";"meadow";"no";"no";"no";"exp_average";"s";"DAP";47;"425.8720093";426;-25;"21";"21";"-4";"very_bad";"na";5;0;0;0;0;0;0;0;0;0;0;0;0;0;1;0;1;0;1;0;0;0;0;0;0;0;0;0;1;0;0;0;1;0;0;0;0;0;0;0;0;0;0;0;0;0;0;0;0;0;0;14;1;4
4041;2024;20240620;"6905_2";6905;"komb";"24_6905_2_b";"24_6905_2";"24_6905_2_b_1";"M_Medne";"exp1";1;"Pupoli";"basic_ZP";"Participant";"meadow";"no";"no";"no";"exp_average";"s";"DAP";69;"623.1669922";623;-5;"23";"23";"18";"very_bad";"na";2;0;0;0;0;0;0;0;0;0;0;0;0;0;1;0;0;0;1;0;0;0;0;0;0;0;0;0;0;0;0;0;0;0;0;0;0;0;0;0;0;0;0;0;0;0;0;0;0;0;0;13;1;4,6
4051;2024;20240620;"6905_3";6905;"komb";"24_6905_3_b";"24_6905_3";"24_6905_3_b_1";"M_Medne";"exp1";1;"Pupoli";"basic_ZP";"Participant";"meadow";"no";"no";"no";"exp_average";"s";"DAP";48;"432.3439941";432;-15;"20";"20";"5";"very_bad";"na";3;0;0;0;0;0;0;0;0;0;0;0;0;0;1;0;0;0;0;0;0;1;0;0;0;0;0;0;0;0;0;0;0;0;0;0;0;0;0;0;0;0;0;0;1;0;0;0;0;0;0;11;1;3,9
4691;2024;20240830;"6979_1";6979;"rez";"24_6979_1_b";"24_6979_1";"24_6979_1_b_1";"M_Medne";"exp1";1;"Liene_Goba";"basic_ZP";"Participant";"meadow";"no";"no";"no";"exp_bad";"s";"DAP";42;"380.9119873";381;-40;"8.5";"8.5";"-31.5";"very_bad";"na";1;0;0;0;0;0;0;0;0;0;0;0;0;0;1;0;0;0;0;0;0;0;0;0;0;0;0;0;0;0;0;0;0;0;0;0;0;0;0;0;0;0;0;0;0;0;0;0;0;0;0;8;1;1,7
5031;2024;20240618;"7077_2";7077;"rez";"24_7077_2_b";"24_7077_2";"24_7077_2_b_1";"M_Medne";"exp1";1;"Janis_Malnieks";"basic_ZP";"Participant";"meadow";"no";"no";"no";"exp_average";"s";"DAP";86;"773.9719849";774;-30;"24";"24";"-6";"very_bad";"na";6;0;0;0;1;0;0;1;0;0;0;0;0;0;1;0;0;1;0;0;0;1;0;0;0;0;0;0;0;0;0;0;0;0;0;0;0;0;0;0;0;0;0;0;0;0;0;0;1;0;0;14;1;4,5
2901;2024;20240628;"6495_2";6495;"komb";"24_6495_2_b";"24_6495_2";"24_6495_2_b_1";"S_Rusina";"exp1";1;"Inguna_Avota_Krumini";"basic_ZP";"Participant";"pasture";"no";"no";"no";"exp_good";"s";"LU";37;"337.4490051";337;20;"36";"36";"56";"average";"na";9;0;1;0;0;0;0;1;0;0;0;0;0;0;1;0;0;1;1;0;0;1;0;1;0;0;0;0;1;0;0;0;0;0;0;0;0;0;0;0;0;0;0;0;1;0;0;0;0;0;0;16;1;7
2911;2024;20240628;"6495_3";6495;"komb";"24_6495_3_b";"24_6495_3";"24_6495_3_b_1";"S_Rusina";"exp1";1;"Inguna_Avota_Krumini";"basic_ZP";"Participant";"pasture";"no";"no";"no";"exp_average";"s";"LU";39;"350.2650146";350;20;"34.5";"34.5";"54.5";"average";"na";2;0;1;0;0;0;0;0;0;0;0;0;0;0;0;0;0;0;0;0;0;0;0;0;0;0;0;0;0;0;0;0;0;0;0;0;0;0;0;0;0;0;0;0;1;0;0;0;0;0;0;16;1;6,3
2921;2024;20240628;"6495_4";6495;"komb";"24_6495_4_b";"24_6495_4";"24_6495_4_b_1";"S_Rusina";"exp1";1;"Inguna_Avota_Krumini";"basic_ZP";"Participant";"pasture";"no";"no";"no";"exp_average";"s";"LU";45;"407.355011";407;15;"44.5";"44.5";"59.5";"average";"na";10;0;1;0;0;0;0;1;0;0;0;0;0;0;1;0;0;0;1;0;0;1;1;1;0;0;0;0;1;0;0;0;0;0;0;0;1;0;0;0;0;0;0;0;1;0;0;0;0;0;0;15;1;8,4
3481;2024;20240528;"6711";6711;"rez";"24_6711_b";"24_6711";"24_6711_b_1";"S_Rusina";"exp1";1;"Vilki";"basic_ZP";"Participant";"pasture";"no";"no";"no";"exp_average";"s";"LU";67;"600.1690063";600;20;"24";"24";"44";"average";"na";4;0;0;0;0;0;0;0;0;0;0;0;0;0;1;0;0;1;0;0;0;1;0;0;0;0;0;0;0;0;0;0;0;0;0;0;0;0;0;0;0;0;0;0;0;1;0;0;0;0;0;13;1;4,5
2931;2024;20240628;"6495_5";6495;"komb";"24_6495_5_b";"24_6495_5";"24_6495_5_b_1";"S_Rusina";"exp1";1;"Inguna_Avota_Krumini";"basic_ZP";"Participant";"pasture";"no";"yes";"no";"exp_good";"s";"LU";37;"334.1749878";334;5;"33.5";"33.5";"38.5";"bad";"na";2;0;0;0;0;0;0;0;0;0;0;0;0;0;1;0;0;0;0;0;0;0;0;0;0;0;0;1;0;0;0;0;0;0;0;0;0;0;0;0;0;0;0;0;0;0;0;0;0;0;0;15;1;6,2
3441;2024;20240530;"6704";6704;"rez";"24_6704_b";"24_6704";"24_6704_b_1";"S_Rusina";"exp1";1;"Andis_Bahmanis";"basic_ZP";"Participant";"meadow";"no";"no";"no";"exp_good";"s";"LU";28;"255.2420044";255;-10;"40.5";"40.5";"30.5";"bad";"na";4;0;1;0;0;0;0;0;0;0;0;0;0;0;0;0;0;0;1;0;0;0;0;1;0;0;0;0;0;0;0;0;0;0;0;0;1;0;0;0;0;0;0;0;0;0;0;0;0;0;0;15;1;6,2
3511;2024;20240625;"6730_2";6730;"rez";"24_6730_2_b";"24_6730_2";"24_6730_2_b_1";"S_Rusina";"exp1";1;"Raimonds_Indrans";"basic_ZP";"Participant";"meadow";"no";"no";"no";"exp_average";"s";"LU";35;"311.2399902";311;-10;"34.5";"34.5";"24.5";"bad";"na";7;0;1;0;1;0;0;0;0;0;0;0;0;0;1;0;1;0;1;0;0;0;0;1;0;0;0;0;0;0;0;0;0;0;0;0;0;0;0;0;0;0;0;0;1;0;0;0;0;0;0;11;1;6,9
4241;2024;20240618;"6915";6915;"komb";"24_6915_b";"24_6915";"24_6915_b_1";"S_Rusina";"exp1";1;"Berka_laukuseta_klingeri";"basic_ZP";"Participant";"pasture";"no";"no";"no";"exp_average";"s";"LU";19;"169.9649963";170;15;"20.5";"20.5";"35.5";"bad";"na";3;0;1;0;1;0;0;0;0;0;0;0;0;0;0;0;0;0;0;0;0;1;0;0;0;0;0;0;0;0;0;0;0;0;0;0;0;0;0;0;0;0;0;0;0;0;0;0;0;0;0;14;1;3,9
4651;2024;20240619;"6976";6976;"rez";"24_6976_b";"24_6976";"24_6976_b_1";"S_Rusina";"exp1";1;"Pavasari_R_SIA";"basic_ZP";"Participant";"pasture";"no";"yes";"no";"exp_average";"s";"LU";45;"407.5289917";408;-20;"46";"46";"26";"bad";"na";8;1;1;0;0;0;0;1;0;0;0;0;0;0;1;0;0;1;0;0;0;1;0;0;0;0;0;1;0;0;0;0;0;0;0;0;0;0;0;0;0;0;0;0;0;0;0;0;1;0;0;22;1;7,8
4661;2024;20240604;"6978_1";6978;"komb";"24_6978_1_b";"24_6978_1";"24_6978_1_b_1";"S_Rusina";"exp1";1;"Ligita_Taunina";"basic_ZP";"Participant";"meadow";"no";"no";"no";"exp_average";"s";"LU";53;"474.8850098";475;0;"32";"32";"32";"bad";"na";8;0;0;0;1;0;0;1;0;0;0;0;0;0;1;0;0;1;1;0;0;1;0;0;0;1;0;0;0;0;0;0;0;0;0;0;0;0;0;0;0;0;0;0;0;0;0;0;1;0;0;16;1;5,9
2891;2024;20240628;"6495_1";6495;"komb";"24_6495_1_b";"24_6495_1";"24_6495_1_b_1";"S_Rusina";"exp1";1;"Inguna_Avota_Krumini";"basic_ZP";"Participant";"pasture";"no";"no";"no";"exp_average";"s";"LU";42;"382.2149963";382;25;"36.5";"36.5";"61.5";"good";"na";4;0;0;0;0;0;0;1;0;0;0;0;0;0;1;0;0;0;0;0;0;1;0;0;0;0;0;0;0;0;0;0;0;0;0;0;0;0;0;0;0;0;0;0;1;0;0;0;0;0;0;15;1;6,9
2941;2024;20240628;"6495_6";6495;"komb";"24_6495_6_b";"24_6495_6";"24_6495_6_b_1";"S_Rusina";"exp1";1;"Inguna_Avota_Krumini";"basic_ZP";"Participant";"pasture";"no";"no";"no";"exp_average";"s";"LU";27;"246.2140045";246;30;"38";"38";"68";"good";"na";6;0;0;0;1;0;0;1;0;0;0;0;0;0;1;0;0;0;0;0;0;1;0;1;0;0;0;0;0;0;0;0;0;0;0;0;0;0;0;0;0;0;0;0;1;0;0;0;0;0;0;20;1;7,2
4671;2024;20240604;"6978_2";6978;"komb";"24_6978_2_b";"24_6978_2";"24_6978_2_b_1";"S_Rusina";"exp1";1;"Ligita_Taunina";"basic_ZP";"Participant";"meadow";"no";"no";"no";"exp_bad";"s";"LU";29;"260.6499939";261;-40;"23";"23";"-17";"very_bad";"na";1;0;0;0;0;0;0;0;0;0;0;0;0;0;0;0;0;0;0;0;0;1;0;0;0;0;0;0;0;0;0;0;0;0;0;0;0;0;0;0;0;0;0;0;0;0;0;0;0;0;0;11;1;4,5
2581;2024;20240619;"6389_4";6389;"rez";"24_6389_4_b";"24_6389_4";"24_6389_4_b_1";"J_Saulitis";"exp1";1;"Atenas";"basic_ZP";"Participant";"pasture";"no";"no";"no";"exp_average";"s";"DAP";36;"320.0849915";320;25;"29.5";"29.5";"54.5";"average";"na";0;0;0;0;0;0;0;0;0;0;0;0;0;0;0;0;0;0;0;0;0;0;0;0;0;0;0;0;0;0;0;0;0;0;0;0;0;0;0;0;0;0;0;0;0;0;0;0;0;0;0;14;1;5,9
2591;2024;20240619;"6389_5";6389;"rez";"24_6389_5_b";"24_6389_5";"24_6389_5_b_1";"J_Saulitis";"exp1";1;"Atenas";"basic_ZP";"Participant";"pasture";"no";"no";"no";"exp_average";"s";"DAP";36;"325.6839905";326;25;"31.5";"31.5";"56.5";"average";"na";5;0;1;0;0;0;0;0;0;0;0;0;0;0;1;0;0;0;1;0;1;0;0;1;0;0;0;0;0;0;0;0;0;0;0;0;0;0;0;0;0;0;0;0;0;0;0;0;0;0;0;18;1;6,1
2601;2024;20240619;"6389_6";6389;"rez";"24_6389_6_b";"24_6389_6";"24_6389_6_b_1";"J_Saulitis";"exp1";1;"Atenas";"basic_ZP";"Participant";"pasture";"no";"no";"no";"exp_average";"s";"DAP";40;"358.8720093";359;25;"32";"32";"57";"average";"na";12;0;1;0;1;0;0;1;0;1;0;0;0;0;1;0;1;1;0;0;0;1;0;1;0;1;0;0;0;0;0;0;0;0;0;0;0;1;0;0;0;0;0;0;0;0;0;0;1;0;0;14;1;6,4
2621;2024;20240617;"6407_1";6407;"rez";"24_6407_1_b";"24_6407_1";"24_6407_1_b_1";"J_Saulitis";"exp1";1;"Ekofarmtek_SIA";"basic_ZP";"Participant";"meadow";"no";"no";"no";"exp_average";"s";"DAP";42;"380.0220032";380;15;"26.5";"26.5";"41.5";"average";"na";5;0;1;0;0;0;0;0;0;0;0;0;0;0;1;0;0;0;0;0;0;1;0;0;0;0;0;1;0;0;0;0;0;0;0;0;0;0;0;0;0;0;0;0;0;0;0;0;1;0;0;13;1;5,2
4221;2024;20240625;"6914_3";6914;"rez";"24_6914_3_b";"24_6914_3";"24_6914_3_b_1";"J_Saulitis";"exp1";1;"Rita_CCamaane";"basic_ZP";"Participant";"meadow";"no";"no";"no";"exp_good";"s";"DAP";62;"554.9450073";555;10;"65";"50";"60";"average";"na";9;0;1;1;0;0;0;0;0;0;0;0;0;0;1;0;0;0;1;0;1;1;0;1;0;0;0;0;0;0;0;0;0;0;0;0;1;1;0;0;0;0;0;0;0;0;0;0;0;0;0;22;1;10
4621;2024;20240625;"6975_1";6975;"rez";"24_6975_1_b";"24_6975_1";"24_6975_1_b_1";"J_Saulitis";"exp1";1;"Juris_Gorbacovs";"basic_ZP";"Participant";"meadow";"no";"no";"no";"exp_bad";"s";"DAP";56;"506.0400085";506;0;"40.5";"40.5";"40.5";"average";"na";8;0;1;1;0;0;0;1;0;0;0;0;0;0;1;0;0;0;0;0;0;1;1;1;0;0;0;0;0;0;0;0;0;0;0;0;0;1;0;0;0;0;0;0;0;0;0;0;0;0;0;17;1;6,8
2631;2024;20240617;"6407_2";6407;"rez";"24_6407_2_b";"24_6407_2";"24_6407_2_b_1";"J_Saulitis";"exp1";1;"Ekofarmtek_SIA";"basic_ZP";"Participant";"meadow";"no";"no";"no";"exp_average";"s";"DAP";30;"272.1860046";272;15;"21";"21";"36";"bad";"na";3;0;0;0;0;0;0;0;0;0;0;0;0;0;1;0;0;0;0;0;0;1;0;0;0;0;0;0;0;0;0;0;0;0;0;0;0;0;0;0;0;0;0;0;0;0;0;0;1;0;0;11;1;4,2
2641;2024;20240617;"6407_3";6407;"rez";"24_6407_3_b";"24_6407_3";"24_6407_3_b_1";"J_Saulitis";"exp1";1;"Ekofarmtek_SIA";"basic_ZP";"Participant";"meadow";"no";"no";"no";"exp_average";"s";"DAP";37;"330.6600037";331;15;"24";"24";"39";"bad";"na";3;0;1;0;0;0;0;0;0;0;0;0;0;0;1;0;0;0;0;0;0;1;0;0;0;0;0;0;0;0;0;0;0;0;0;0;0;0;0;0;0;0;0;0;0;0;0;0;0;0;0;10;1;4,8
4201;2024;20240625;"6914_1";6914;"rez";"24_6914_1_b";"24_6914_1";"24_6914_1_b_1";"J_Saulitis";"exp1";1;"Rita_CCamaane";"basic_ZP";"Participant";"meadow";"no";"no";"no";"exp_average";"s";"DAP";49;"438.4200134";438;-5;"35";"35";"30";"bad";"na";5;0;1;0;0;0;0;0;0;0;0;0;0;0;1;0;0;0;0;0;0;1;1;0;0;0;0;0;0;0;0;0;0;0;0;0;0;0;0;0;0;0;0;0;1;0;0;0;0;0;0;15;1;6
3331;2024;20240620;"6667_1";6667;"rez";"24_6667_1_b";"24_6667_1";"24_6667_1_b_1";"J_Saulitis";"exp1";1;"Agija_Urtane";"basic_ZP";"Participant";"pasture";"no";"yes";"no";"exp_good";"s";"DAP";21;"191.3609924";191;50;"43";"43";"93";"excellent";"na";5;0;1;0;0;1;0;1;0;0;0;0;0;0;0;0;0;1;0;0;0;0;0;0;0;0;0;0;0;0;0;0;0;0;0;0;0;1;0;0;0;0;0;0;0;0;0;0;0;0;0;18;1;7,3
2551;2024;20240619;"6389_1";6389;"rez";"24_6389_1_b";"24_6389_1";"24_6389_1_b_1";"J_Saulitis";"exp1";1;"Atenas";"basic_ZP";"Participant";"pasture";"no";"no";"no";"exp_average";"s";"DAP";43;"389.8320007";390;30;"36";"36";"66";"good";"na";2;0;0;0;0;0;0;1;0;0;0;0;0;0;1;0;0;0;0;0;0;0;0;0;0;0;0;0;0;0;0;0;0;0;0;0;0;0;0;0;0;0;0;0;0;0;0;0;0;0;0;15;1;6,9
2561;2024;20240619;"6389_2";6389;"rez";"24_6389_2_b";"24_6389_2";"24_6389_2_b_1";"J_Saulitis";"exp1";1;"Atenas";"basic_ZP";"Participant";"pasture";"no";"no";"no";"exp_average";"s";"DAP";45;"409.3150024";409;40;"37.5";"37.5";"77.5";"good";"na";1;0;0;0;0;0;0;0;0;0;0;0;0;0;0;0;0;0;0;0;0;0;0;1;0;0;0;0;0;0;0;0;0;0;0;0;0;0;0;0;0;0;0;0;0;0;0;0;0;0;0;17;1;7,2
2571;2024;20240619;"6389_3";6389;"rez";"24_6389_3_b";"24_6389_3";"24_6389_3_b_1";"J_Saulitis";"exp1";1;"Atenas";"basic_ZP";"Participant";"pasture";"no";"no";"no";"exp_average";"s";"DAP";36;"322.0109863";322;40;"33";"33";"73";"good";"na";8;0;1;0;0;0;0;0;0;1;0;0;0;0;0;0;1;1;0;0;0;1;0;1;0;1;0;0;1;0;0;0;0;0;0;0;0;0;0;0;0;0;0;0;0;0;0;0;0;0;0;15;1;6,5
3341;2024;20240620;"6667_2";6667;"rez";"24_6667_2_b";"24_6667_2";"24_6667_2_b_1";"J_Saulitis";"exp1";1;"Agija_Urtane";"basic_ZP";"Participant";"pasture";"no";"yes";"no";"exp_good";"s";"DAP";34;"302.4450073";302;50;"24";"24";"74";"good";"na";2;0;1;0;0;0;0;0;0;0;0;0;0;0;0;0;0;0;0;0;0;0;0;1;0;0;0;0;0;0;0;0;0;0;0;0;0;0;0;0;0;0;0;0;0;0;0;0;0;0;0;11;1;4,6
3351;2024;20240620;"6667_3";6667;"rez";"24_6667_3_b";"24_6667_3";"24_6667_3_b_1";"J_Saulitis";"exp1";1;"Agija_Urtane";"basic_ZP";"Participant";"pasture";"no";"yes";"no";"exp_good";"s";"DAP";43;"384.3039856";384;50;"23.5";"23.5";"73.5";"good";"na";2;0;0;0;0;0;0;0;0;0;0;0;0;0;0;0;0;0;0;0;0;0;1;1;0;0;0;0;0;0;0;0;0;0;0;0;0;0;0;0;0;0;0;0;0;0;0;0;0;0;0;10;1;4,4
2651;2024;20240617;"6407_4";6407;"rez";"24_6407_4_b";"24_6407_4";"24_6407_4_b_1";"J_Saulitis";"exp1";1;"Ekofarmtek_SIA";"basic_ZP";"Participant";"meadow";"no";"no";"no";"exp_bad";"s";"DAP";53;"473.5920105";474;-5;"15";"15";"10";"very_bad";"na";2;0;1;0;1;0;0;0;0;0;0;0;0;0;0;0;0;0;0;0;0;0;0;0;0;0;0;0;0;0;0;0;0;0;0;0;0;0;0;0;0;0;0;0;0;0;0;0;0;0;0;9;1;3
2661;2024;20240617;"6407_5";6407;"rez";"24_6407_5_b";"24_6407_5";"24_6407_5_b_1";"J_Saulitis";"exp1";1;"Ekofarmtek_SIA";"basic_ZP";"Participant";"meadow";"no";"no";"no";"exp_bad";"s";"DAP";73;"654.4860229";654;-5;"14.5";"14.5";"9.5";"very_bad";"na";1;0;0;0;0;0;0;0;0;0;0;0;0;0;1;0;0;0;0;0;0;0;0;0;0;0;0;0;0;0;0;0;0;0;0;0;0;0;0;0;0;0;0;0;0;0;0;0;0;0;0;8;1;2,8
2671;2024;20240617;"6407_6";6407;"rez";"24_6407_6_b";"24_6407_6";"24_6407_6_b_1";"J_Saulitis";"exp1";1;"Ekofarmtek_SIA";"basic_ZP";"Participant";"meadow";"no";"no";"no";"exp_average";"s";"DAP";71;"634.59198";635;-10;"22.5";"22.5";"12.5";"very_bad";"na";1;0;0;0;0;0;0;0;0;0;0;0;0;0;0;0;0;0;0;0;0;1;0;0;0;0;0;0;0;0;0;0;0;0;0;0;0;0;0;0;0;0;0;0;0;0;0;0;0;0;0;15;1;4,4
2681;2024;20240617;"6407_7";6407;"rez";"24_6407_7_b";"24_6407_7";"24_6407_7_b_1";"J_Saulitis";"exp1";1;"Ekofarmtek_SIA";"basic_ZP";"Participant";"meadow";"no";"no";"no";"exp_bad";"s";"DAP";57;"509.2409973";509;-20;"15.5";"15.5";"-4.5";"very_bad";"na";4;0;0;0;0;0;0;0;0;0;0;0;0;0;1;0;0;0;1;0;0;1;0;0;0;0;0;0;0;0;0;0;0;0;0;0;0;0;0;0;0;0;0;0;1;0;0;0;0;0;0;9;1;3,1
4631;2024;20240625;"6975_2";6975;"rez";"24_6975_2_b";"24_6975_2";"24_6975_2_b_1";"J_Saulitis";"exp1";1;"Juris_Gorbacovs";"basic_ZP";"Participant";"meadow";"no";"no";"no";"exp_bad";"s";"DAP";86;"775.6110229";776;-15;"27.5";"27.5";"12.5";"very_bad";"na";4;0;0;0;0;0;0;1;0;0;0;0;0;0;1;0;0;0;0;0;0;1;0;0;0;0;0;0;0;0;0;0;0;0;0;0;0;1;0;0;0;0;0;0;0;0;0;0;0;0;0;16;1;5,2
3681;2024;20240625;"6776_2";6776;"rez";"24_6776_2_b";"24_6776_2";"24_6776_2_b_1";"M_Udre";"exp1";1;"Ossi";"basic_ZP";"Participant";"pasture";"no";"yes";"no";"exp_average";"s";"LU";40;"357.9490051";358;-5;"34.5";"34.5";"29.5";"bad";"na";4;0;0;1;0;0;0;1;0;0;0;0;0;0;1;0;0;0;0;0;0;0;0;1;0;0;0;0;0;0;0;0;0;0;0;0;0;0;0;0;0;0;0;0;0;0;0;0;0;0;0;16;1;6,2
4931;2024;20240604;"7071_4";7071;"komb";"24_7071_4_b";"24_7071_4";"24_7071_4_b_1";"M_Udre";"exp1";1;"Inta_Torgane";"basic_ZP";"Participant";"pasture";"no";"yes";"no";"exp_average";"s";"LU";69;"623.9660034";624;10;"17.5";"17.5";"27.5";"bad";"na";4;0;1;0;0;0;0;1;0;0;0;0;0;0;0;0;0;1;1;0;0;0;0;0;0;0;0;0;0;0;0;0;0;0;0;0;0;0;0;0;0;0;0;0;0;0;0;0;0;0;0;12;1;3,3
3521;2024;20240625;"6730_3";6730;"rez";"24_6730_3_b";"24_6730_3";"24_6730_3_b_1";"M_Udre";"exp1";1;"Raimonds_Indrans";"basic_ZP";"Participant";"meadow";"no";"no";"no";"exp_average";"s";"LU";35;"317.696991";318;-20;"23";"23";"3";"very_bad";"na";4;0;1;0;1;0;0;0;0;0;0;0;0;0;0;0;1;0;0;0;0;0;0;1;0;0;0;0;0;0;0;0;0;0;0;0;0;0;0;0;0;0;0;0;0;0;0;0;0;0;0;10;1;4,6
3531;2024;20240625;"6730_4";6730;"rez";"24_6730_4_b";"24_6730_4";"24_6730_4_b_1";"M_Udre";"exp1";1;"Raimonds_Indrans";"basic_ZP";"Participant";"meadow";"no";"no";"no";"exp_average";"s";"LU";35;"313.9400024";314;-15;"26.5";"26.5";"11.5";"very_bad";"na";4;0;1;0;0;0;0;0;0;0;0;0;0;0;1;0;0;0;1;0;0;0;0;1;0;0;0;0;0;0;0;0;0;0;0;0;0;0;0;0;0;0;0;0;0;0;0;0;0;0;0;8;1;5,3
3041;2024;20240617;"6555_1";6555;"rez";"24_6555_1_b";"24_6555_1";"24_6555_1_b_1";"V_Verpeja";"exp1";1;"Auli_Auzenbaha";"basic_ZP";"Participant";"meadow";"no";"no";"no";"exp_bad";"s";"LU";84;"754.4780273";754;-30;"21.5";"21.5";"-8.5";"very_bad";"na";10;1;1;0;0;0;0;1;0;0;0;0;0;0;0;0;0;0;1;0;1;1;0;1;0;0;0;0;0;0;0;0;0;0;0;0;0;0;0;0;0;0;0;0;1;1;1;0;0;0;0;13;1;3,5
3061;2024;20240606;"6555_3";6555;"rez";"24_6555_3_b";"24_6555_3";"24_6555_3_b_1";"V_Verpeja";"exp1";1;"Auli_Auzenbaha";"basic_ZP";"Participant";"meadow";"no";"no";"no";"exp_bad";"s";"LU";40;"359.2730103";359;-15;"19.5";"19.5";"4.5";"very_bad";"na";1;0;0;0;0;0;0;0;0;0;0;0;0;0;0;0;0;0;0;0;0;1;0;0;0;0;0;0;0;0;0;0;0;0;0;0;0;0;0;0;0;0;0;0;0;0;0;0;0;0;0;10;1;3,5
3071;2024;20240606;"6555_4";6555;"rez";"24_6555_4_b";"24_6555_4";"24_6555_4_b_1";"V_Verpeja";"exp1";1;"Auli_Auzenbaha";"basic_ZP";"Participant";"meadow";"no";"no";"no";"exp_bad";"s";"LU";36;"322.7929993";323;-15;"8.5";"8.5";"-6.5";"very_bad";"na";0;0;0;0;0;0;0;0;0;0;0;0;0;0;0;0;0;0;0;0;0;0;0;0;0;0;0;0;0;0;0;0;0;0;0;0;0;0;0;0;0;0;0;0;0;0;0;0;0;0;0;7;1;1,7
3081;2024;20240606;"6555_5";6555;"rez";"24_6555_5_b";"24_6555_5";"24_6555_5_b_1";"V_Verpeja";"exp1";1;"Auli_Auzenbaha";"basic_ZP";"Participant";"meadow";"no";"no";"no";"exp_bad";"s";"LU";63;"567.4310303";567;-10;"14";"14";"4";"very_bad";"na";3;0;1;0;0;0;0;0;0;0;0;0;0;0;0;0;0;0;1;0;0;0;0;0;0;0;0;0;0;0;0;0;0;0;0;0;0;0;0;0;0;0;0;0;0;1;0;0;0;0;0;8;1;2,7
3091;2024;20240606;"6555_6";6555;"rez";"24_6555_6_b";"24_6555_6";"24_6555_6_b_1";"V_Verpeja";"exp1";1;"Auli_Auzenbaha";"basic_ZP";"Participant";"meadow";"no";"no";"no";"exp_verybad";"s";"LU";73;"660.1129761";660;-10;"15.5";"15.5";"5.5";"very_bad";"na";0;0;0;0;0;0;0;0;0;0;0;0;0;0;0;0;0;0;0;0;0;0;0;0;0;0;0;0;0;0;0;0;0;0;0;0;0;0;0;0;0;0;0;0;0;0;0;0;0;0;0;9;1;2,8
3101;2024;20240606;"6555_7";6555;"rez";"24_6555_7_b";"24_6555_7";"24_6555_7_b_1";"V_Verpeja";"exp1";1;"Auli_Auzenbaha";"basic_ZP";"Participant";"meadow";"no";"no";"no";"exp_bad";"s";"LU";46;"415.927002";416;-15;"17";"17";"2";"very_bad";"na";3;0;0;0;0;0;0;0;0;0;0;0;0;0;0;0;0;0;0;0;0;1;0;0;0;0;0;1;0;0;0;0;0;0;0;0;0;0;0;0;0;0;0;0;0;1;0;0;0;0;0;10;1;3,3
10942;2024;20240708;"6389_4";6389;"rez";"24_6389_4_f";"24_6389_4";"24_6389_4_f_1";"farmer";"farmer";1;"Atenas";"farmer_ZP";"Participant";"pasture";"no";"no";"no";"";"s";"DAP";36;"320.0849915";320;-25;"23.5";"23.5";"-1.5";"average";"very bad";1;0;0;0;0;0;0;1;0;0;0;0;0;0;0;0;0;0;0;0;0;0;0;0;0;0;0;0;0;0;0;0;0;0;0;0;0;0;0;0;0;0;0;0;0;0;0;0;0;0;0;11;1;4,7
10952;2024;20240708;"6389_5";6389;"rez";"24_6389_5_f";"24_6389_5";"24_6389_5_f_1";"farmer";"farmer";1;"Atenas";"farmer_ZP";"Participant";"pasture";"no";"no";"no";"";"s";"DAP";36;"325.6839905";326;-25;"20";"20";"-5";"average";"very bad";6;0;0;0;0;0;0;0;0;0;0;0;0;0;1;0;0;0;1;0;1;1;1;1;0;0;0;0;0;0;0;0;0;0;0;0;0;0;0;0;0;0;0;0;0;0;0;0;0;0;0;15;1;3,9
10962;2024;20240708;"6389_6";6389;"rez";"24_6389_6_f";"24_6389_6";"24_6389_6_f_1";"farmer";"farmer";1;"Atenas";"farmer_ZP";"Participant";"pasture";"no";"no";"no";"";"s";"DAP";40;"358.8720093";359;-40;"24.5";"24.5";"-15.5";"average";"very bad";10;0;0;0;0;0;0;1;0;1;0;0;0;0;1;0;1;0;0;0;0;1;0;1;0;1;0;0;1;0;0;0;0;0;0;0;0;1;0;0;0;0;0;0;0;0;0;0;1;0;0;14;1;4,9
10972;2024;20240611;"6407_1";6407;"rez";"24_6407_1_f";"24_6407_1";"24_6407_1_f_1";"farmer";"farmer";1;"Ekofarmtek_SIA";"farmer_ZP";"Participant";"meadow";"no";"no";"no";"";"s";"DAP";42;"380.0220032";380;-30;"25.5";"25.5";"-4.5";"average";"very bad";5;0;1;0;0;0;0;0;0;0;0;0;0;1;1;0;0;0;0;0;0;1;0;0;0;0;0;0;0;0;0;0;0;0;0;0;0;0;0;0;0;0;0;0;0;0;0;0;1;0;0;11;1;4,8
11072;2024;20240616;"6408_4";6408;"komb";"24_6408_4_f";"24_6408_4";"24_6408_4_f_1";"farmer";"farmer";1;"HansaBio_SIA";"farmer_ZP";"Participant";"pasture";"no";"no";"no";"";"s";"DAP";46;"417.6010132";418;-20;"24.5";"24.5";"4.5";"average";"very bad";4;0;0;0;0;0;0;1;0;0;0;0;0;0;1;0;0;0;0;0;0;1;0;0;0;0;0;0;0;0;0;0;0;0;0;0;0;0;1;0;0;0;0;0;0;0;0;0;0;0;0;13;1;4,9
11082;2024;20240616;"6408_5";6408;"komb";"24_6408_5_f";"24_6408_5";"24_6408_5_f_1";"farmer";"farmer";1;"HansaBio_SIA";"farmer_ZP";"Participant";"pasture";"no";"no";"no";"";"s";"DAP";67;"606.3699951";606;-20;"24";"24";"4";"average";"very bad";1;0;0;0;0;0;0;0;0;0;0;0;0;0;0;0;0;0;0;0;0;1;0;0;0;0;0;0;0;0;0;0;0;0;0;0;0;0;0;0;0;0;0;0;0;0;0;0;0;0;0;12;1;4,8
11182;2024;20240714;"6495_2";6495;"komb";"24_6495_2_f";"24_6495_2";"24_6495_2_f_1";"farmer";"farmer";1;"Inguna_Avota_Krumini";"farmer_ZP";"Participant";"pasture";"no";"no";"no";"";"s";"LU";37;"337.4490051";337;5;"43";"43";"48";"average";"average";9;0;1;0;1;0;0;1;0;0;0;0;0;0;1;0;0;0;0;0;0;1;0;1;0;0;0;1;1;0;0;0;0;0;0;0;0;0;0;0;0;0;0;0;1;0;0;0;0;0;0;17;1;8,2
11192;2024;20240714;"6495_3";6495;"komb";"24_6495_3_f";"24_6495_3";"24_6495_3_f_1";"farmer";"farmer";1;"Inguna_Avota_Krumini";"farmer_ZP";"Participant";"pasture";"no";"no";"no";"";"s";"LU";39;"350.2650146";350;-5;"33.5";"33.5";"28.5";"average";"bad";3;0;1;0;0;0;0;0;0;0;0;0;0;0;0;0;0;0;0;0;0;1;0;1;0;0;0;0;0;0;0;0;0;0;0;0;0;0;0;0;0;0;0;0;0;0;0;0;0;0;0;14;1;5,8
11202;2024;20240714;"6495_4";6495;"komb";"24_6495_4_f";"24_6495_4";"24_6495_4_f_1";"farmer";"farmer";1;"Inguna_Avota_Krumini";"farmer_ZP";"Participant";"pasture";"no";"no";"no";"";"s";"LU";45;"407.355011";407;-5;"41";"41";"36";"average";"bad";8;0;1;0;0;0;0;0;0;0;0;0;0;0;1;0;0;0;0;0;1;1;0;1;0;0;0;0;0;0;0;0;0;1;0;0;1;0;0;0;0;0;0;0;1;0;0;0;0;0;0;15;1;7,2
11442;2024;20240621;"6599_1";6599;"rez";"24_6599_1_f";"24_6599_1";"24_6599_1_f_1";"farmer";"farmer";1;"Ciruli";"farmer_ZP";"Participant";"pasture";"no";"yes";"no";"";"s";"DAP";47;"423.2210083";423;-10;"46";"46";"36";"average";"bad";9;0;0;0;0;0;0;1;0;0;0;0;0;0;1;0;0;0;0;0;1;1;1;1;0;0;0;0;0;1;1;1;0;0;0;0;0;0;0;0;0;0;0;0;0;0;0;0;0;0;0;17;1;7,9
11472;2024;20240613;"6620_2";6620;"rez";"24_6620_2_f";"24_6620_2";"24_6620_2_f_1";"farmer";"farmer";1;"Vilnis_Spats";"farmer_ZP";"Participant";"meadow";"no";"no";"no";"";"s";"DAP";56;"503.8380127";504;35;"51.5";"50";"85";"average";"excellent";7;0;1;0;1;0;0;1;0;0;0;0;0;0;1;0;0;0;0;0;0;0;0;1;0;0;0;0;0;0;0;0;0;0;0;0;0;0;0;0;0;0;0;0;1;1;0;0;0;0;0;22;1;8,3
11602;2024;20240626;"6707";6707;"rez";"24_6707_f";"24_6707";"24_6707_f_1";"farmer";"farmer";1;"Ainars_Silickis";"farmer_ZP";"Participant";"meadow";"no";"no";"no";"";"s";"DAP";17;"148.9579926";149;25;"44";"44";"69";"average";"good";10;0;1;0;1;0;0;0;0;0;0;0;0;0;1;1;0;0;1;0;1;1;1;1;0;0;0;0;0;0;0;0;0;0;0;0;0;0;0;0;0;0;0;0;0;0;1;0;0;0;0;23;1;6,3
11612;2024;20240621;"6711";6711;"rez";"24_6711_f";"24_6711";"24_6711_f_1";"farmer";"farmer";1;"Vilki";"farmer_ZP";"Participant";"pasture";"no";"no";"no";"";"s";"LU";67;"600.1690063";600;15;"23.5";"23.5";"38.5";"average";"bad";4;0;0;0;0;0;0;0;0;0;0;0;0;0;1;0;0;0;0;0;0;1;0;0;0;0;0;1;0;0;0;0;0;0;0;0;0;0;0;0;0;0;0;0;0;1;0;0;0;0;0;12;1;4,5
11732;2024;20240616;"6768_2";6768;"komb";"24_6768_2_f";"24_6768_2";"24_6768_2_f_1";"farmer";"farmer";1;"Aiva_Gailite";"farmer_ZP";"Participant";"meadow";"no";"no";"no";"";"s";"DAP";26;"235.5599976";236;20;"29.5";"29.5";"49.5";"average";"average";6;0;1;1;0;0;0;0;0;0;0;0;0;0;1;0;0;0;0;0;0;1;1;1;0;0;0;0;0;0;0;0;0;0;0;0;0;0;0;0;0;0;0;0;0;0;0;0;0;0;0;11;1;4,9
12092;2024;20240618;"6908";6908;"rez";"24_6908_f";"24_6908";"24_6908_f_1";"farmer";"farmer";1;"Maruta_Malniece";"farmer_ZP";"Participant";"meadow";"no";"no";"no";"";"s";"DAP";22;"196.5429993";197;5;"59.5";"50";"55";"average";"average";14;1;1;0;1;0;0;1;0;0;0;0;1;0;1;0;1;1;1;0;0;1;1;1;0;0;0;0;0;0;1;0;0;0;0;0;0;0;0;0;0;0;0;0;1;0;0;0;0;0;0;22;1;10,3
12142;2024;20240714;"6914_3";6914;"rez";"24_6914_3_f";"24_6914_3";"24_6914_3_f_1";"farmer";"farmer";1;"Rita_CCamaane";"farmer_ZP";"Participant";"meadow";"no";"no";"no";"";"s";"DAP";62;"554.9450073";555;NA;"53.5";"50";NA;"average";NA;10;0;1;1;0;0;0;1;0;0;0;0;1;0;1;0;0;0;1;0;1;0;0;1;0;0;0;0;0;0;0;0;0;0;0;0;1;1;0;0;0;0;0;0;0;0;0;0;0;0;0;20;1;8,6
12372;2024;20240702;"6968_2";6968;"komb";"24_6968_2_f";"24_6968_2";"24_6968_2_f_1";"farmer";"farmer";1;"Vecumnieki_ZS";"farmer_ZP";"Participant";"meadow";"no";"no";"no";"";"s";"DAP";49;"445.0740051";445;20;"35";"35";"55";"average";"average";5;0;0;0;1;0;0;0;0;0;0;0;0;0;0;0;1;0;1;0;1;1;0;0;0;0;0;0;0;0;0;0;0;0;0;0;0;0;0;0;0;0;0;0;0;0;0;0;0;0;0;16;1;6,1
12432;2024;20240710;"6975_1";6975;"rez";"24_6975_1_f";"24_6975_1";"24_6975_1_f_1";"farmer";"farmer";1;"Juris_Gorbacovs";"farmer_ZP";"Participant";"meadow";"no";"no";"no";"";"s";"DAP";56;"506.0400085";506;NA;"22.5";"22.5";NA;"average";NA;2;0;0;0;0;0;0;0;0;0;0;0;0;0;0;0;0;0;0;0;0;0;0;1;0;0;0;0;0;0;0;1;0;0;0;0;0;0;0;0;0;0;0;0;0;0;0;0;0;0;0;13;1;4
10982;2024;20240611;"6407_2";6407;"rez";"24_6407_2_f";"24_6407_2";"24_6407_2_f_1";"farmer";"farmer";1;"Ekofarmtek_SIA";"farmer_ZP";"Participant";"meadow";"no";"no";"no";"";"s";"DAP";30;"272.1860046";272;-20;"17";"17";"-3";"bad";"very bad";5;0;1;0;0;0;0;1;0;0;0;0;0;0;1;0;0;0;0;0;0;1;0;0;0;0;0;0;0;0;0;0;0;0;0;0;0;0;0;0;0;0;0;0;0;0;0;0;1;0;0;8;1;3,4
10992;2024;20240611;"6407_3";6407;"rez";"24_6407_3_f";"24_6407_3";"24_6407_3_f_1";"farmer";"farmer";1;"Ekofarmtek_SIA";"farmer_ZP";"Participant";"meadow";"no";"no";"no";"";"s";"DAP";37;"330.6600037";331;-15;"22";"22";"7";"bad";"very bad";3;0;1;0;0;0;0;0;0;0;0;0;0;0;1;0;0;0;0;0;0;1;0;0;0;0;0;0;0;0;0;0;0;0;0;0;0;0;0;0;0;0;0;0;0;0;0;0;0;0;0;10;1;4,4
11212;2024;20240714;"6495_5";6495;"komb";"24_6495_5_f";"24_6495_5";"24_6495_5_f_1";"farmer";"farmer";1;"Inguna_Avota_Krumini";"farmer_ZP";"Participant";"pasture";"no";"yes";"no";"";"s";"LU";37;"334.1749878";334;5;"30.5";"30.5";"35.5";"bad";"bad";4;0;1;0;0;0;0;0;0;0;0;0;0;0;1;0;0;0;1;0;0;1;0;0;0;0;0;0;0;0;0;0;0;0;0;0;0;0;0;0;0;0;0;0;0;0;0;0;0;0;0;17;1;5,5
11282;2024;20240616;"6546";6546;"komb";"24_6546_f";"24_6546";"24_6546_f_1";"farmer";"farmer";1;"Arta_Rozenberga";"farmer_ZP";"Participant";"meadow";"no";"no";"no";"";"s";"DAP";63;"564.0640259";564;-45;"34";"34";"-11";"bad";"very bad";8;0;1;0;0;0;0;1;0;0;0;0;0;0;1;0;0;0;1;0;0;1;0;0;0;0;0;1;0;0;1;0;0;0;0;0;0;0;0;0;0;0;0;0;1;0;0;0;0;0;0;17;1;6,1
11462;2024;20240613;"6620_1";6620;"rez";"24_6620_1_f";"24_6620_1";"24_6620_1_f_1";"farmer";"farmer";1;"Vilnis_Spats";"farmer_ZP";"Participant";"meadow";"no";"no";"no";"";"s";"DAP";31;"276.20401";276;5;"40.5";"40.5";"45.5";"bad";"average";11;0;1;0;1;1;0;0;0;0;1;0;0;0;1;0;1;1;0;0;0;1;0;0;0;0;0;0;0;0;0;0;0;1;0;0;0;0;0;0;0;0;0;0;0;0;0;0;1;0;1;17;1;5,9
11592;2024;20240810;"6704";6704;"rez";"24_6704_f";"24_6704";"24_6704_f_1";"farmer";"farmer";1;"Andis_Bahmanis";"farmer_ZP";"Participant";"meadow";"no";"no";"no";"";"s";"LU";28;"255.2420044";255;5;"28";"28";"33";"bad";"bad";1;0;1;0;0;0;0;0;0;0;0;0;0;0;0;0;0;0;0;0;0;0;0;0;0;0;0;0;0;0;0;0;0;0;0;0;0;0;0;0;0;0;0;0;0;0;0;0;0;0;0;11;1;4,2
11632;2024;20240621;"6730_2";6730;"rez";"24_6730_2_f";"24_6730_2";"24_6730_2_f_1";"farmer";"farmer";1;"Raimonds_Indrans";"farmer_ZP";"Participant";"meadow";"no";"no";"no";"";"s";"LU";35;"311.2399902";311;10;"38";"38";"48";"bad";"average";7;1;0;0;1;0;0;0;0;0;0;0;0;0;1;0;1;0;0;0;0;0;0;1;0;0;0;0;0;0;0;0;0;0;0;0;0;0;0;0;0;0;0;0;1;0;0;0;0;0;1;15;1;6,3
11682;2024;20240612;"6741_1";6741;"rez";"24_6741_1_f";"24_6741_1";"24_6741_1_f_1";"farmer";"farmer";1;"Lucija_Zarina";"farmer_ZP";"Participant";"meadow";"no";"no";"no";"";"s";"DAP";50;"446.1090088";446;15;"29.5";"29.5";"44.5";"bad";"average";4;0;1;0;0;0;0;1;0;0;0;0;0;0;1;0;0;0;0;0;0;1;0;0;0;0;0;0;0;0;0;0;0;0;0;0;0;0;0;0;0;0;0;0;0;0;0;0;0;0;0;12;1;5,7
11692;2024;20240612;"6741_2";6741;"rez";"24_6741_2_f";"24_6741_2";"24_6741_2_f_1";"farmer";"farmer";1;"Lucija_Zarina";"farmer_ZP";"Participant";"meadow";"no";"no";"no";"";"s";"DAP";51;"456.1830139";456;NA;"34";"34";NA;"bad";NA;3;0;0;0;0;0;0;1;0;0;0;0;0;0;1;0;0;0;0;0;0;1;0;0;0;0;0;0;0;0;0;0;0;0;0;0;0;0;0;0;0;0;0;0;0;0;0;0;0;0;0;14;1;6,5
11702;2024;20240612;"6741_3";6741;"rez";"24_6741_3_f";"24_6741_3";"24_6741_3_f_1";"farmer";"farmer";1;"Lucija_Zarina";"farmer_ZP";"Participant";"meadow";"no";"no";"no";"";"s";"DAP";18;"162.0209961";162;-5;"40.5";"40.5";"35.5";"bad";"bad";9;0;1;0;1;0;0;1;0;0;1;0;0;0;1;0;0;0;0;0;0;1;0;0;0;1;0;0;0;0;0;0;0;0;0;0;0;1;0;0;0;0;0;0;0;0;0;0;1;0;0;16;1;7
11712;2024;20240612;"6741_4";6741;"rez";"24_6741_4_f";"24_6741_4";"24_6741_4_f_1";"farmer";"farmer";1;"Lucija_Zarina";"farmer_ZP";"Participant";"meadow";"no";"no";"no";"";"s";"DAP";39;"354.9190063";355;NA;"36.5";"36.5";NA;"bad";NA;10;0;1;0;1;0;0;1;0;0;0;0;0;0;1;0;0;0;1;0;0;1;0;1;0;1;0;0;0;0;0;0;1;0;0;0;0;1;0;0;0;0;0;0;0;0;0;0;0;0;0;15;1;6,9
11762;2024;20240817;"6776_2";6776;"rez";"24_6776_2_f";"24_6776_2";"24_6776_2_f_1";"farmer";"farmer";1;"Ossi";"farmer_ZP";"Participant";"pasture";"no";"yes";"no";"";"s";"LU";40;"357.9490051";358;-15;"27.5";"27.5";"12.5";"bad";"very bad";6;0;0;0;0;0;0;1;1;0;0;0;0;1;0;0;0;0;1;0;0;1;0;1;0;0;0;0;0;0;0;0;0;0;0;0;0;0;0;0;0;0;0;0;0;0;0;0;0;0;0;13;1;5,3
11802;2024;20240706;"6808_1";6808;"komb";"24_6808_1_f";"24_6808_1";"24_6808_1_f_1";"farmer";"farmer";1;"Karlis_ Hermanis_Liepa";"farmer_ZP";"Participant";"pasture";"no";"no";"no";"";"s";"DAP";39;"354.3729858";354;-10;"31";"31";"21";"bad";"bad";11;0;1;0;1;0;0;1;0;0;0;0;0;0;1;0;1;0;1;0;1;0;1;1;0;0;0;0;0;0;1;0;0;1;0;0;0;0;0;0;0;0;0;0;0;0;0;0;0;0;0;16;1;5,6
11842;2024;20240629;"6820";6820;"rez";"24_6820_f";"24_6820";"24_6820_f_1";"farmer";"farmer";1;"Lielkruzes";"farmer_ZP";"Participant";"pasture";"no";"no";"no";"";"s";"DAP";15;"130.8609924";131;NA;"29.5";"29.5";NA;"bad";NA;3;0;1;0;0;0;0;1;0;0;0;0;0;0;0;0;0;0;0;0;0;1;0;0;0;0;0;0;0;0;0;0;0;0;0;0;0;0;0;0;0;0;0;0;0;0;0;0;0;0;0;21;1;5
11912;2024;20240620;"6892_1";6892;"rez";"24_6892_1_f";"24_6892_1";"24_6892_1_f_1";"farmer";"farmer";1;"Sandra_Dzene";"farmer_ZP";"Participant";"meadow";"no";"no";"no";"";"s";"DAP";33;"297.0230103";297;-20;"22";"22";"2";"bad";"very bad";0;0;0;0;0;0;0;0;0;0;0;0;0;0;0;0;0;0;0;0;0;0;0;0;0;0;0;0;0;0;0;0;0;0;0;0;0;0;0;0;0;0;0;0;0;0;0;0;0;0;0;14;1;4,2
11922;2024;20240620;"6892_2";6892;"rez";"24_6892_2_f";"24_6892_2";"24_6892_2_f_1";"farmer";"farmer";1;"Sandra_Dzene";"farmer_ZP";"Participant";"meadow";"no";"no";"no";"";"s";"DAP";44;"398.5759888";399;-20;"18.5";"18.5";"-1.5";"bad";"very bad";0;0;0;0;0;0;0;0;0;0;0;0;0;0;0;0;0;0;0;0;0;0;0;0;0;0;0;0;0;0;0;0;0;0;0;0;0;0;0;0;0;0;0;0;0;0;0;0;0;0;0;11;1;3,6
12022;2024;20240620;"6905_4";6905;"komb";"24_6905_4_f";"24_6905_4";"24_6905_4_f_1";"farmer";"farmer";1;"Pupoli";"farmer_ZP";"Participant";"meadow";"no";"no";"no";"";"s";"DAP";56;"506.6159973";507;-35;"40.5";"40.5";"5.5";"bad";"very bad";11;0;1;0;0;0;0;1;0;0;0;0;0;0;1;0;0;0;1;0;0;1;1;1;0;1;0;0;1;1;0;0;0;1;0;0;0;0;0;0;0;0;0;0;0;0;0;0;0;0;0;19;1;7,5
12032;2024;20240620;"6905_5";6905;"komb";"24_6905_5_f";"24_6905_5";"24_6905_5_f_1";"farmer";"farmer";1;"Pupoli";"farmer_ZP";"Participant";"meadow";"no";"no";"no";"";"s";"DAP";40;"363.9670105";364;-30;"29.5";"29.5";"-0.5";"bad";"very bad";2;0;0;0;0;0;0;0;0;0;0;0;0;0;0;0;0;0;0;0;0;1;0;0;0;0;0;0;0;0;0;0;0;0;0;0;0;1;0;0;0;0;0;0;0;0;0;0;0;0;0;17;1;5,7
12042;2024;20240620;"6905_6";6905;"komb";"24_6905_6_f";"24_6905_6";"24_6905_6_f_1";"farmer";"farmer";1;"Pupoli";"farmer_ZP";"Participant";"meadow";"no";"no";"no";"";"s";"DAP";37;"334.07901";334;-20;"39";"39";"19";"bad";"very bad";7;0;1;0;1;0;0;1;0;0;0;0;0;0;1;0;1;0;0;0;0;1;0;0;0;0;0;0;0;0;0;0;0;0;0;0;0;0;0;0;0;0;0;0;0;0;0;0;1;0;0;18;1;7,3
12052;2024;20240620;"6905_7";6905;"komb";"24_6905_7_f";"24_6905_7";"24_6905_7_f_1";"farmer";"farmer";1;"Pupoli";"farmer_ZP";"Participant";"meadow";"no";"no";"no";"";"s";"DAP";40;"356.4330139";356;-30;"31";"31";"1";"bad";"very bad";3;0;0;0;0;0;0;0;0;0;0;0;0;0;1;0;1;0;0;0;0;1;0;0;0;0;0;0;0;0;0;0;0;0;0;0;0;0;0;0;0;0;0;0;0;0;0;0;0;0;0;15;1;6,1
12132;2024;20240714;"6914_1";6914;"rez";"24_6914_1_f";"24_6914_1";"24_6914_1_f_1";"farmer";"farmer";1;"Rita_CCamaane";"farmer_ZP";"Participant";"meadow";"no";"no";"no";"";"s";"DAP";49;"438.4200134";438;-35;"32";"32";"-3";"bad";"very bad";6;0;1;0;0;0;0;0;0;0;0;0;0;0;1;0;0;0;0;0;0;1;0;1;0;0;0;0;0;0;0;0;0;0;0;0;1;0;0;0;0;0;0;0;1;0;0;0;0;0;0;16;1;5,5
12152;2024;20240630;"6915";6915;"komb";"24_6915_f";"24_6915";"24_6915_f_1";"farmer";"farmer";1;"Berka_laukuseta_klingeri";"farmer_ZP";"Participant";"pasture";"no";"no";"no";"";"s";"LU";19;"169.9649963";170;-25;"16";"16";"-9";"bad";"very bad";1;0;0;0;1;0;0;0;0;0;0;0;0;0;0;0;0;0;0;0;0;0;0;0;0;0;0;0;0;0;0;0;0;0;0;0;0;0;0;0;0;0;0;0;0;0;0;0;0;0;0;12;1;3
12382;2024;20240702;"6968_3";6968;"komb";"24_6968_3_f";"24_6968_3";"24_6968_3_f_1";"farmer";"farmer";1;"Vecumnieki_ZS";"farmer_ZP";"Participant";"meadow";"no";"no";"no";"";"s";"DAP";41;"371.7890015";372;15;"29";"29";"44";"bad";"average";2;0;1;0;0;0;0;0;0;0;0;0;0;0;1;0;0;0;0;0;0;0;0;0;0;0;0;0;0;0;0;0;0;0;0;0;0;0;0;0;0;0;0;0;0;0;0;0;0;0;0;13;1;5,4
12452;2024;20241013;"6976";6976;"rez";"24_6976_f";"24_6976";"24_6976_f_1";"farmer";"farmer";1;"Pavasari_R_SIA";"farmer_ZP";"Participant";"pasture";"no";"yes";"no";"";"s";"LU";45;"407.5289917";408;-35;"27";"27";"-8";"bad";"very bad";7;0;1;0;0;0;0;1;0;0;0;0;0;0;1;0;0;0;1;0;0;0;0;1;0;0;0;0;0;0;0;0;0;0;0;1;0;1;0;0;0;0;0;0;0;0;0;0;0;0;0;17;1;4,5
12462;2024;20240701;"6978_1";6978;"komb";"24_6978_1_f";"24_6978_1";"24_6978_1_f_1";"farmer";"farmer";1;"Ligita_Taunina";"farmer_ZP";"Participant";"meadow";"no";"no";"no";"";"s";"LU";53;"474.8850098";475;-5;"28";"28";"23";"bad";"bad";2;0;1;0;0;0;0;0;0;0;0;0;0;0;0;0;0;0;1;0;0;0;0;0;0;0;0;0;0;0;0;0;0;0;0;0;0;0;0;0;0;0;0;0;0;0;0;0;0;0;0;22;1;4,6
12522;2024;20240621;"6989";6989;"rez";"24_6989_f";"24_6989";"24_6989_f_1";"farmer";"farmer";1;"Ilze_Ruksane";"farmer_ZP";"Participant";"meadow";"no";"no";"no";"";"s";"DAP";63;"568.8729858";569;-20;"40";"40";"20";"bad";"very bad";9;0;1;0;0;0;0;1;0;0;0;0;0;0;1;0;1;0;1;0;0;1;0;1;0;0;0;0;1;0;0;0;0;0;0;0;0;1;0;0;0;0;0;0;0;0;0;0;0;0;0;17;1;7,3
12642;2024;20240625;"7071_4";7071;"komb";"24_7071_4_f";"24_7071_4";"24_7071_4_f_1";"farmer";"farmer";1;"Inta_Torgane";"farmer_ZP";"Participant";"pasture";"no";"yes";"no";"";"s";"LU";69;"623.9660034";624;10;"26.5";"26.5";"36.5";"bad";"bad";6;0;1;0;0;0;0;1;0;0;0;0;0;0;1;0;0;0;1;0;0;1;0;0;0;0;0;0;0;0;0;0;0;0;0;0;0;0;0;0;0;0;0;0;1;0;0;0;0;0;0;12;1;5,2
11452;2024;20240621;"6599_2";6599;"rez";"24_6599_2_f";"24_6599_2";"24_6599_2_f_1";"farmer";"farmer";1;"Ciruli";"farmer_ZP";"Participant";"meadow";"no";"no";"no";"";"s";"DAP";26;"233.0980072";233;30;"70";"50";"80";"excellent";"good";0;0;0;0;0;0;0;0;0;0;0;0;0;0;0;0;0;0;0;0;0;0;0;0;0;0;0;0;0;0;0;0;0;0;0;0;0;0;0;0;0;0;0;0;0;0;0;0;0;0;0;25;1;10,6
11512;2024;20240628;"6667_1";6667;"rez";"24_6667_1_f";"24_6667_1";"24_6667_1_f_1";"farmer";"farmer";1;"Agija_Urtane";"farmer_ZP";"Participant";"pasture";"no";"yes";"no";"";"s";"DAP";21;"191.3609924";191;-5;"41.5";"41.5";"36.5";"excellent";"bad";7;0;1;0;0;1;0;0;0;0;1;0;0;0;0;0;0;1;0;0;0;1;0;0;0;1;0;0;0;0;0;0;0;0;0;0;0;1;0;0;0;0;0;0;0;0;0;0;0;0;0;15;1;7,2
10912;2024;20240708;"6389_1";6389;"rez";"24_6389_1_f";"24_6389_1";"24_6389_1_f_1";"farmer";"farmer";1;"Atenas";"farmer_ZP";"Participant";"pasture";"no";"no";"no";"";"s";"DAP";43;"389.8320007";390;0;"30.5";"30.5";"30.5";"good";"bad";2;0;0;0;0;0;0;1;0;0;0;0;0;0;0;0;0;0;0;0;0;1;0;0;0;0;0;0;0;0;0;0;0;0;0;0;0;0;0;0;0;0;0;0;0;0;0;0;0;0;0;13;1;6
10922;2024;20240708;"6389_2";6389;"rez";"24_6389_2_f";"24_6389_2";"24_6389_2_f_1";"farmer";"farmer";1;"Atenas";"farmer_ZP";"Participant";"pasture";"no";"no";"no";"";"s";"DAP";45;"409.3150024";409;5;"32";"32";"37";"good";"bad";2;0;0;0;0;0;0;0;0;0;0;0;0;0;0;0;0;0;0;0;0;1;0;1;0;0;0;0;0;0;0;0;0;0;0;0;0;0;0;0;0;0;0;0;0;0;0;0;0;0;0;13;1;6,2
10932;2024;20240708;"6389_3";6389;"rez";"24_6389_3_f";"24_6389_3";"24_6389_3_f_1";"farmer";"farmer";1;"Atenas";"farmer_ZP";"Participant";"pasture";"no";"no";"no";"";"s";"DAP";36;"322.0109863";322;-15;"28.5";"28.5";"13.5";"good";"very bad";7;0;1;0;0;0;0;0;0;1;0;0;0;0;0;0;1;1;0;0;0;1;0;1;0;0;0;0;1;0;0;0;0;0;0;0;0;0;0;0;0;0;0;0;0;0;0;0;0;0;0;13;1;5,5
11042;2024;20240616;"6408_1";6408;"komb";"24_6408_1_f";"24_6408_1";"24_6408_1_f_1";"farmer";"farmer";1;"HansaBio_SIA";"farmer_ZP";"Participant";"pasture";"no";"yes";"no";"";"s";"DAP";49;"443.1719971";443;-30;"24";"24";"-6";"good";"very bad";2;0;0;0;0;0;0;0;0;0;0;0;0;0;0;0;0;0;0;0;0;0;0;0;0;0;0;0;0;0;0;0;0;0;0;0;0;0;1;0;0;0;0;0;0;0;0;0;1;0;0;11;1;4,8
11062;2024;20240616;"6408_3";6408;"komb";"24_6408_3_f";"24_6408_3";"24_6408_3_f_1";"farmer";"farmer";1;"HansaBio_SIA";"farmer_ZP";"Participant";"pasture";"no";"no";"no";"";"s";"DAP";69;"625.2880249";625;-5;"28";"28";"23";"good";"bad";7;0;1;0;0;0;0;0;0;0;0;0;0;0;1;0;0;0;1;0;1;1;0;1;0;0;0;0;0;0;0;0;0;0;0;0;0;1;0;0;0;0;0;0;0;0;0;0;0;0;0;9;1;5,6
11172;2024;20240714;"6495_1";6495;"komb";"24_6495_1_f";"24_6495_1";"24_6495_1_f_1";"farmer";"farmer";1;"Inguna_Avota_Krumini";"farmer_ZP";"Participant";"pasture";"no";"no";"no";"";"s";"LU";42;"382.2149963";382;5;"47";"47";"52";"good";"average";8;0;1;0;0;0;0;1;0;0;0;0;0;0;1;0;1;0;0;0;0;0;0;1;0;0;0;1;0;0;0;1;0;0;0;0;0;0;0;0;0;0;0;0;1;0;0;0;0;0;0;16;1;8,2
11222;2024;20240714;"6495_6";6495;"komb";"24_6495_6_f";"24_6495_6";"24_6495_6_f_1";"farmer";"farmer";1;"Inguna_Avota_Krumini";"farmer_ZP";"Participant";"pasture";"no";"no";"no";"";"s";"LU";27;"246.2140045";246;5;"23.5";"23.5";"28.5";"good";"bad";2;0;0;0;0;1;0;0;0;0;0;0;0;0;1;0;0;0;0;0;0;0;0;0;0;0;0;0;0;0;0;0;0;0;0;0;0;0;0;0;0;0;0;0;0;0;0;0;0;0;0;9;1;4,6
11502;2024;20240729;"6638";6638;"komb";"24_6638_f";"24_6638";"24_6638_f_1";"farmer";"farmer";1;"Sarmite_Augustane";"farmer_ZP";"Participant";"pasture";"no";"no";"no";"";"s";"DAP";12;"107.8339996";108;-10;"56";"50";"40";"good";"bad";4;0;0;0;1;0;0;1;0;0;0;0;0;0;1;0;0;0;0;0;0;0;0;0;0;0;0;0;0;0;0;0;0;0;0;0;0;0;0;0;0;0;0;0;0;0;0;0;1;0;0;23;1;9,6
11522;2024;20240629;"6667_2";6667;"rez";"24_6667_2_f";"24_6667_2";"24_6667_2_f_1";"farmer";"farmer";1;"Agija_Urtane";"farmer_ZP";"Participant";"pasture";"no";"yes";"no";"";"s";"DAP";34;"302.4450073";302;0;"25";"25";"25";"good";"bad";1;0;1;0;0;0;0;0;0;0;0;0;0;0;0;0;0;0;0;0;0;0;0;0;0;0;0;0;0;0;0;0;0;0;0;0;0;0;0;0;0;0;0;0;0;0;0;0;0;0;0;10;1;4,8
11532;2024;20240628;"6667_3";6667;"rez";"24_6667_3_f";"24_6667_3";"24_6667_3_f_1";"farmer";"farmer";1;"Agija_Urtane";"farmer_ZP";"Participant";"pasture";"no";"yes";"no";"";"s";"DAP";43;"384.3039856";384;10;"26";"26";"36";"good";"bad";2;0;1;0;0;0;0;0;0;0;0;0;0;0;0;0;0;0;0;0;0;0;0;1;0;0;0;0;0;0;0;0;0;0;0;0;0;0;0;0;0;0;0;0;0;0;0;0;0;0;0;12;1;5,1
11742;2024;20240616;"6768_3";6768;"komb";"24_6768_3_f";"24_6768_3";"24_6768_3_f_1";"farmer";"farmer";1;"Aiva_Gailite";"farmer_ZP";"Participant";"meadow";"no";"no";"no";"";"s";"DAP";23;"206.9160004";207;30;"46";"46";"76";"good";"good";7;0;1;1;0;0;0;0;0;0;0;1;0;0;1;0;0;0;0;0;0;0;1;1;0;0;0;0;0;0;0;0;0;0;0;0;0;0;0;0;0;0;0;0;1;0;0;0;0;0;0;16;1;6,7
11812;2024;20240706;"6808_2";6808;"komb";"24_6808_2_f";"24_6808_2";"24_6808_2_f_1";"farmer";"farmer";1;"Karlis_ Hermanis_Liepa";"farmer_ZP";"Participant";"pasture";"no";"no";"no";"";"s";"DAP";60;"543.6019897";544;10;"45.5";"45.5";"55.5";"good";"average";7;0;1;0;0;0;0;1;0;0;0;0;0;0;1;0;0;0;1;0;0;1;1;1;0;0;0;0;0;0;0;0;0;0;0;0;0;0;0;0;0;0;0;0;0;0;0;0;0;0;0;20;1;7,9
11822;2024;20240706;"6808_3";6808;"komb";"24_6808_3_f";"24_6808_3";"24_6808_3_f_1";"farmer";"farmer";1;"Karlis_ Hermanis_Liepa";"farmer_ZP";"Participant";"pasture";"no";"no";"no";"";"s";"DAP";57;"508.6069946";509;10;"39";"39";"49";"good";"average";8;0;1;0;1;0;1;0;0;0;0;1;0;0;1;0;0;0;1;0;0;0;1;1;0;0;0;0;0;0;0;0;0;0;0;0;0;0;0;0;0;0;0;0;0;0;0;0;0;0;0;19;1;6,7
11832;2024;20240706;"6808_4";6808;"komb";"24_6808_4_f";"24_6808_4";"24_6808_4_f_1";"farmer";"farmer";1;"Karlis_ Hermanis_Liepa";"farmer_ZP";"Participant";"pasture";"no";"no";"no";"";"s";"DAP";33;"296.2149963";296;0;"41";"41";"41";"good";"average";8;0;1;0;1;0;0;1;0;0;0;0;0;0;1;0;0;0;1;0;0;1;1;1;0;0;0;0;0;0;0;0;0;0;0;0;0;0;0;0;0;0;0;0;0;0;0;0;0;0;0;15;1;7
11902;2024;20240730;"6867";6867;"rez";"24_6867_f";"24_6867";"24_6867_f_1";"farmer";"farmer";1;"Lidumu_majas";"farmer_ZP";"Participant";"pasture";"no";"yes";"no";"";"s";"DAP";36;"325.6990051";326;15;"38";"38";"53";"good";"average";9;0;1;1;0;0;0;1;0;0;0;0;0;0;1;0;0;1;0;0;0;0;0;1;0;0;0;1;0;0;0;1;0;0;0;0;0;0;0;0;0;0;0;0;0;1;0;0;0;0;0;22;1;6,3
12262;2024;20240628;"6921_1";6921;"komb";"24_6921_1_f";"24_6921_1";"24_6921_1_f_1";"farmer";"farmer";1;"Liene_Lubane";"farmer_ZP";"Participant";"pasture";"no";"no";"no";"";"s";"DAP";64;"577.2670288";577;-15;"46.5";"46.5";"31.5";"good";"bad";4;0;0;0;1;0;0;0;0;0;0;0;1;0;1;0;0;0;0;0;1;0;0;0;0;0;0;0;0;0;0;0;0;0;0;0;0;0;0;0;0;0;0;0;0;0;0;0;0;0;0;23;1;7,6
12272;2024;20240628;"6921_2";6921;"komb";"24_6921_2_f";"24_6921_2";"24_6921_2_f_1";"farmer";"farmer";1;"Liene_Lubane";"farmer_ZP";"Participant";"pasture";"no";"no";"no";"";"s";"DAP";15;"136.6390076";137;0;"46.5";"46.5";"46.5";"good";"average";2;0;0;0;0;0;0;0;0;0;0;0;0;0;1;0;0;0;0;0;0;1;0;0;0;0;0;0;0;0;0;0;0;0;0;0;0;0;0;0;0;0;0;0;0;0;0;0;0;0;0;20;1;6,7
12362;2024;20240702;"6968_1";6968;"komb";"24_6968_1_f";"24_6968_1";"24_6968_1_f_1";"farmer";"farmer";1;"Vecumnieki_ZS";"farmer_ZP";"Participant";"meadow";"no";"no";"no";"";"s";"DAP";40;"364.1159973";364;10;"29";"29";"39";"good";"bad";6;0;0;0;1;0;0;1;0;0;0;0;0;1;1;0;0;0;0;0;0;0;0;0;0;0;0;0;0;0;1;0;0;0;0;0;0;0;0;0;0;0;0;0;1;0;0;0;0;0;0;16;1;4,9
12712;2024;20240618;"7077_1";7077;"rez";"24_7077_1_f";"24_7077_1";"24_7077_1_f_1";"farmer";"farmer";1;"Janis_Malnieks";"farmer_ZP";"Participant";"meadow";"no";"no";"no";"";"s";"DAP";36;"324.5010071";325;15;"49.5";"49.5";"64.5";"good";"good";10;0;0;1;1;0;0;1;0;0;0;0;0;1;1;0;0;1;0;0;0;1;0;1;0;0;0;1;0;0;0;0;0;0;0;0;0;0;0;0;0;0;0;0;1;0;0;0;0;0;0;18;1;8,3
11002;2024;20240612;"6407_4";6407;"rez";"24_6407_4_f";"24_6407_4";"24_6407_4_f_1";"farmer";"farmer";1;"Ekofarmtek_SIA";"farmer_ZP";"Participant";"meadow";"no";"no";"no";"";"s";"DAP";53;"473.5920105";474;-35;"17";"17";"-18";"very_bad";"very bad";4;0;1;0;0;0;0;0;0;0;0;0;0;0;1;0;0;0;0;0;0;1;0;0;0;0;0;0;0;0;0;0;0;0;0;0;0;0;0;0;0;0;0;0;1;0;0;0;0;0;0;10;1;3,4
11012;2024;20240612;"6407_5";6407;"rez";"24_6407_5_f";"24_6407_5";"24_6407_5_f_1";"farmer";"farmer";1;"Ekofarmtek_SIA";"farmer_ZP";"Participant";"meadow";"no";"no";"no";"";"s";"DAP";73;"654.4860229";654;-45;"14";"14";"-31";"very_bad";"very bad";1;0;0;0;0;0;0;0;0;0;0;0;0;0;1;0;0;0;0;0;0;0;0;0;0;0;0;0;0;0;0;0;0;0;0;0;0;0;0;0;0;0;0;0;0;0;0;0;0;0;0;10;1;2,7
11022;2024;20240612;"6407_6";6407;"rez";"24_6407_6_f";"24_6407_6";"24_6407_6_f_1";"farmer";"farmer";1;"Ekofarmtek_SIA";"farmer_ZP";"Participant";"meadow";"no";"no";"no";"";"s";"DAP";71;"634.59198";635;-25;"19.5";"19.5";"-5.5";"very_bad";"very bad";3;0;0;0;0;0;0;0;0;0;0;0;0;0;0;0;0;0;0;0;0;1;0;0;0;0;1;0;0;0;0;0;0;0;0;0;0;0;0;0;0;0;0;0;1;0;0;0;0;0;0;13;1;3,8
11032;2024;20240612;"6407_7";6407;"rez";"24_6407_7_f";"24_6407_7";"24_6407_7_f_1";"farmer";"farmer";1;"Ekofarmtek_SIA";"farmer_ZP";"Participant";"meadow";"no";"no";"no";"";"s";"DAP";57;"509.2409973";509;-55;"16.5";"16.5";"-38.5";"very_bad";"very bad";5;0;0;0;0;0;0;0;0;0;0;0;0;0;1;0;0;0;1;0;0;1;0;1;0;0;0;0;0;0;0;0;0;0;0;0;0;0;0;0;0;0;0;0;1;0;0;0;0;0;0;10;1;3,2
11052;2024;20240616;"6408_2";6408;"komb";"24_6408_2_f";"24_6408_2";"24_6408_2_f_1";"farmer";"farmer";1;"HansaBio_SIA";"farmer_ZP";"Participant";"pasture";"no";"yes";"no";"";"s";"DAP";53;"479.5610046";480;-15;"19.5";"19.5";"4.5";"very_bad";"very bad";3;0;1;0;0;0;0;0;0;0;0;0;0;0;0;0;1;0;0;0;0;0;0;0;0;0;0;0;0;0;0;0;0;0;0;0;0;1;0;0;0;0;0;0;0;0;0;0;0;0;0;14;1;3,7
11142;2024;20240607;"6437_1";6437;"komb";"24_6437_1_f";"24_6437_1";"24_6437_1_f_1";"farmer";"farmer";1;"Laimdota_Burka";"farmer_ZP";"Participant";"meadow";"no";"no";"no";"";"s";"DAP";51;"460.5339966";461;-10;"52.5";"50";"40";"very_bad";"bad";6;0;0;0;1;0;0;0;0;0;0;0;0;0;1;0;0;0;1;0;1;0;0;1;0;0;0;0;0;0;0;0;0;0;0;0;0;0;0;0;0;0;0;0;1;0;0;0;0;0;0;19;1;9,5
11152;2024;20240607;"6437_2";6437;"komb";"24_6437_2_f";"24_6437_2";"24_6437_2_f_1";"farmer";"farmer";1;"Laimdota_Burka";"farmer_ZP";"Participant";"meadow";"no";"no";"no";"";"s";"DAP";39;"352.2749939";352;-15;"50.5";"50";"35";"very_bad";"bad";10;0;1;0;0;0;0;0;0;1;0;0;0;0;1;0;1;0;1;0;0;1;0;1;0;1;0;0;0;0;0;0;0;0;0;0;0;1;1;0;0;0;0;0;0;0;0;0;0;0;0;25;1;8,6
11162;2024;20240607;"6437_3";6437;"komb";"24_6437_3_f";"24_6437_3";"24_6437_3_f_1";"farmer";"farmer";1;"Laimdota_Burka";"farmer_ZP";"Participant";"meadow";"no";"no";"no";"";"s";"DAP";59;"534.8729858";535;-20;"40.5";"40.5";"20.5";"very_bad";"bad";5;0;0;0;1;0;0;0;0;0;0;0;0;0;0;0;1;1;0;0;0;1;0;0;0;0;0;0;0;0;0;0;0;0;0;0;0;0;1;0;0;0;0;0;0;0;0;0;0;0;0;22;1;7
11252;2024;20240715;"6527_1";6527;"komb";"24_6527_1_f";"24_6527_1";"24_6527_1_f_1";"farmer";"farmer";1;"Janis_Ludborzs";"farmer_ZP";"Participant";"pasture";"no";"yes";"no";"";"s";"DAP";47;"421.1650085";421;20;"18.5";"18.5";"38.5";"very_bad";"bad";3;0;0;0;0;0;0;1;0;0;0;0;0;0;1;0;0;0;0;0;0;1;0;0;0;0;0;0;0;0;0;0;0;0;0;0;0;0;0;0;0;0;0;0;0;0;0;0;0;0;0;10;1;3,3
11262;2024;20240715;"6527_2";6527;"komb";"24_6527_2_f";"24_6527_2";"24_6527_2_f_1";"farmer";"farmer";1;"Janis_Ludborzs";"farmer_ZP";"Participant";"pasture";"no";"yes";"no";"";"s";"DAP";40;"356.8320007";357;15;"15";"15";"30";"very_bad";"bad";1;0;0;0;0;0;0;0;0;0;0;0;0;0;1;0;0;0;0;0;0;0;0;0;0;0;0;0;0;0;0;0;0;0;0;0;0;0;0;0;0;0;0;0;0;0;0;0;0;0;0;8;1;2,7
11272;2024;20240715;"6527_3";6527;"komb";"24_6527_3_f";"24_6527_3";"24_6527_3_f_1";"farmer";"farmer";1;"Janis_Ludborzs";"farmer_ZP";"Participant";"pasture";"no";"yes";"no";"";"s";"DAP";43;"389.5360107";390;35;"21";"21";"56";"very_bad";"average";4;0;1;0;0;0;0;1;0;0;0;0;0;0;1;0;0;0;0;0;0;0;0;0;0;0;0;0;0;0;0;1;0;0;0;0;0;0;0;0;0;0;0;0;0;0;0;0;0;0;0;10;1;3,8
11292;2024;20240616;"6555_1";6555;"rez";"24_6555_1_f";"24_6555_1";"24_6555_1_f_1";"farmer";"farmer";1;"Auli_Auzenbaha";"farmer_ZP";"Participant";"meadow";"no";"no";"no";"";"s";"LU";84;"754.4780273";754;10;"26";"26";"36";"very_bad";"bad";14;1;1;0;0;1;0;1;0;0;0;0;1;1;1;0;0;0;1;0;1;1;0;1;0;0;0;0;0;0;0;0;0;0;0;1;1;0;0;0;0;0;0;0;0;0;1;0;0;0;0;19;1;4,4
11312;2024;20240616;"6555_3";6555;"rez";"24_6555_3_f";"24_6555_3";"24_6555_3_f_1";"farmer";"farmer";1;"Auli_Auzenbaha";"farmer_ZP";"Participant";"meadow";"no";"no";"no";"";"s";"LU";40;"359.2730103";359;-5;"20.5";"20.5";"15.5";"very_bad";"very bad";3;0;0;0;0;0;0;0;0;0;1;0;0;0;0;0;0;0;0;0;0;1;0;0;0;0;0;0;0;0;0;0;0;0;0;1;0;0;0;0;0;0;0;0;0;0;0;0;0;0;0;14;1;3,5
11322;2024;20240616;"6555_4";6555;"rez";"24_6555_4_f";"24_6555_4";"24_6555_4_f_1";"farmer";"farmer";1;"Auli_Auzenbaha";"farmer_ZP";"Participant";"meadow";"no";"no";"no";"";"s";"LU";36;"322.7929993";323;-10;"20";"20";"10";"very_bad";"very bad";0;0;0;0;0;0;0;0;0;0;0;0;0;0;0;0;0;0;0;0;0;0;0;0;0;0;0;0;0;0;0;0;0;0;0;0;0;0;0;0;0;0;0;0;0;0;0;0;0;0;0;14;1;3,5
11332;2024;20240616;"6555_5";6555;"rez";"24_6555_5_f";"24_6555_5";"24_6555_5_f_1";"farmer";"farmer";1;"Auli_Auzenbaha";"farmer_ZP";"Participant";"meadow";"no";"no";"no";"";"s";"LU";63;"567.4310303";567;20;"18.5";"18.5";"38.5";"very_bad";"bad";4;0;1;0;0;0;0;0;0;0;0;0;0;0;0;0;0;0;0;0;0;1;0;0;0;0;0;1;0;0;0;0;0;0;0;0;0;0;0;0;0;0;0;0;0;1;0;0;0;0;0;10;1;3,7
11342;2024;20240616;"6555_6";6555;"rez";"24_6555_6_f";"24_6555_6";"24_6555_6_f_1";"farmer";"farmer";1;"Auli_Auzenbaha";"farmer_ZP";"Participant";"meadow";"no";"no";"no";"";"s";"LU";73;"660.1129761";660;0;"26.5";"26.5";"26.5";"very_bad";"bad";2;0;0;0;0;0;0;0;0;0;0;0;0;0;1;0;0;0;0;0;0;0;0;0;0;0;0;0;0;0;0;0;0;0;0;0;0;0;0;0;0;0;0;0;1;0;0;0;0;0;0;17;1;4,4
11352;2024;20240616;"6555_7";6555;"rez";"24_6555_7_f";"24_6555_7";"24_6555_7_f_1";"farmer";"farmer";1;"Auli_Auzenbaha";"farmer_ZP";"Participant";"meadow";"no";"no";"no";"";"s";"LU";46;"415.927002";416;-5;"22.5";"22.5";"17.5";"very_bad";"very bad";4;0;0;0;0;1;0;1;0;0;0;0;0;0;1;0;0;0;0;0;0;1;0;0;0;0;0;0;0;0;0;0;0;0;0;0;0;0;0;0;0;0;0;0;0;0;0;0;0;0;0;14;1;3,7
11482;2024;20240613;"6620_3";6620;"rez";"24_6620_3_f";"24_6620_3";"24_6620_3_f_1";"farmer";"farmer";1;"Vilnis_Spats";"farmer_ZP";"Participant";"meadow";"no";"no";"no";"";"s";"DAP";59;"526.9559937";527;25;"51.5";"50";"75";"very_bad";"good";8;0;0;0;0;0;0;1;0;0;0;0;0;0;1;0;1;0;0;0;0;1;0;0;0;0;0;0;0;0;1;0;0;0;0;0;0;0;0;0;0;0;0;0;1;0;0;0;0;1;0;23;1;8,1
11492;2024;20240613;"6620_4";6620;"rez";"24_6620_4_f";"24_6620_4";"24_6620_4_f_1";"farmer";"farmer";1;"Vilnis_Spats";"farmer_ZP";"Participant";"meadow";"no";"no";"no";"";"s";"DAP";51;"455.6700134";456;20;"52.5";"50";"70";"very_bad";"good";6;0;1;0;1;0;0;0;0;0;0;0;0;0;1;0;0;0;0;0;0;0;0;0;0;0;0;0;0;1;0;0;0;0;0;0;0;0;0;0;0;1;0;0;0;0;0;0;0;1;0;24;1;8,1
11642;2024;20240621;"6730_3";6730;"rez";"24_6730_3_f";"24_6730_3";"24_6730_3_f_1";"farmer";"farmer";1;"Raimonds_Indrans";"farmer_ZP";"Participant";"meadow";"no";"no";"no";"";"s";"LU";35;"317.696991";318;-10;"27";"27";"17";"very_bad";"very bad";5;0;0;0;1;0;0;0;0;0;0;0;0;0;1;0;0;0;1;0;0;0;0;1;0;1;0;0;0;0;0;0;0;0;0;0;0;0;0;0;0;0;0;0;0;0;0;0;0;0;0;11;1;5,4
11652;2024;20240621;"6730_4";6730;"rez";"24_6730_4_f";"24_6730_4";"24_6730_4_f_1";"farmer";"farmer";1;"Raimonds_Indrans";"farmer_ZP";"Participant";"meadow";"no";"no";"no";"";"s";"LU";35;"313.9400024";314;-25;"26";"26";"1";"very_bad";"very bad";3;0;0;0;0;0;0;0;0;0;0;0;0;0;0;0;0;0;1;0;0;1;0;1;0;0;0;0;0;0;0;0;0;0;0;0;0;0;0;0;0;0;0;0;0;0;0;0;0;0;0;13;1;5,1
11722;2024;20240616;"6768_1";6768;"komb";"24_6768_1_f";"24_6768_1";"24_6768_1_f_1";"farmer";"farmer";1;"Aiva_Gailite";"farmer_ZP";"Participant";"meadow";"no";"no";"no";"";"s";"DAP";47;"426.7489929";427;-10;"16";"16";"6";"very_bad";"very bad";3;0;1;0;0;0;0;0;0;0;0;0;0;0;1;0;1;0;0;0;0;0;0;0;0;0;0;0;0;0;0;0;0;0;0;0;0;0;0;0;0;0;0;0;0;0;0;0;0;0;0;9;1;2,9
11862;2024;20240724;"6855";6855;"rez";"24_6855_f";"24_6855";"24_6855_f_1";"farmer";"farmer";1;"Madonas_IpasumiSIA";"farmer_ZP";"Participant";"pasture";"no";"no";"no";"";"s";"DAP";16;"146.7599945";147;0;"15";"15";"15";"very_bad";"very bad";4;0;0;0;0;0;0;1;0;0;0;0;0;0;0;1;0;0;0;0;0;1;0;1;0;0;0;0;0;0;0;0;0;0;0;0;0;0;0;0;0;0;0;0;0;0;0;0;0;0;0;7;1;2,6
11992;2024;20240620;"6905_1";6905;"komb";"24_6905_1_f";"24_6905_1";"24_6905_1_f_1";"farmer";"farmer";1;"Pupoli";"farmer_ZP";"Participant";"meadow";"no";"no";"no";"";"s";"DAP";47;"425.8720093";426;-30;"18";"18";"-12";"very_bad";"very bad";5;0;0;0;0;0;0;0;0;0;0;0;0;0;1;0;1;0;1;0;0;0;0;0;0;0;0;0;1;0;0;0;1;0;0;0;0;0;0;0;0;0;0;0;0;0;0;0;0;0;0;14;1;3,5
12002;2024;20240620;"6905_2";6905;"komb";"24_6905_2_f";"24_6905_2";"24_6905_2_f_1";"farmer";"farmer";1;"Pupoli";"farmer_ZP";"Participant";"meadow";"no";"no";"no";"";"s";"DAP";69;"623.1669922";623;-25;"22.5";"22.5";"-2.5";"very_bad";"very bad";2;0;0;0;0;0;0;0;0;0;0;0;0;0;1;0;0;0;1;0;0;0;0;0;0;0;0;0;0;0;0;0;0;0;0;0;0;0;0;0;0;0;0;0;0;0;0;0;0;0;0;13;1;4,5
12012;2024;20240620;"6905_3";6905;"komb";"24_6905_3_f";"24_6905_3";"24_6905_3_f_1";"farmer";"farmer";1;"Pupoli";"farmer_ZP";"Participant";"meadow";"no";"no";"no";"";"s";"DAP";48;"432.3439941";432;-30;"19.5";"19.5";"-10.5";"very_bad";"very bad";3;0;0;0;0;0;0;0;0;0;0;0;0;0;1;0;0;0;0;0;0;1;0;0;0;0;0;0;0;0;0;0;0;0;0;0;0;0;0;0;0;0;0;0;1;0;0;0;0;0;0;11;1;3,8
12442;2024;20240712;"6975_2";6975;"rez";"24_6975_2_f";"24_6975_2";"24_6975_2_f_1";"farmer";"farmer";1;"Juris_Gorbacovs";"farmer_ZP";"Participant";"meadow";"no";"no";"no";"";"s";"DAP";86;"775.6110229";776;NA;"34";"34";NA;"very_bad";NA;6;0;0;0;0;0;0;0;0;0;0;0;0;0;1;1;0;0;1;0;0;1;0;0;0;0;0;0;0;1;0;0;0;0;0;0;0;0;0;0;0;0;0;0;0;0;0;0;1;0;0;15;1;5,1
12472;2024;20240701;"6978_2";6978;"komb";"24_6978_2_f";"24_6978_2";"24_6978_2_f_1";"farmer";"farmer";1;"Ligita_Taunina";"farmer_ZP";"Participant";"meadow";"no";"no";"no";"";"s";"LU";29;"260.6499939";261;-15;"15";"15";"0";"very_bad";"very bad";2;0;0;0;0;0;0;0;0;0;0;0;0;0;1;0;0;0;0;0;0;1;0;0;0;0;0;0;0;0;0;0;0;0;0;0;0;0;0;0;0;0;0;0;0;0;0;0;0;0;0;15;1;2,5
12482;2024;20240930;"6979_1";6979;"rez";"24_6979_1_f";"24_6979_1";"24_6979_1_f_1";"farmer";"farmer";1;"Liene_Goba";"farmer_ZP";"Participant";"meadow";"no";"no";"no";"";"s";"DAP";42;"380.9119873";381;-40;"13";"13";"-27";"very_bad";"very bad";1;0;0;0;0;0;0;0;0;0;0;0;0;0;0;0;0;0;0;0;0;0;0;0;0;0;0;0;0;0;0;0;0;0;0;0;0;0;0;0;0;0;0;0;0;0;1;0;0;0;0;9;1;1,9
12722;2024;20240618;"7077_2";7077;"rez";"24_7077_2_f";"24_7077_2";"24_7077_2_f_1";"farmer";"farmer";1;"Janis_Malnieks";"farmer_ZP";"Participant";"meadow";"no";"no";"no";"";"s";"DAP";86;"773.9719849";774;-10;"31";"31";"21";"very_bad";"bad";8;0;1;0;1;0;0;1;0;0;0;0;0;0;1;0;0;0;0;0;0;1;0;1;0;1;0;0;0;0;0;0;0;0;0;0;0;0;0;0;0;0;0;0;0;0;0;0;1;0;0;15;1;5,5
